Id	VoiceId	TimelinePath	CharacterPrefabPath	WeaponPrefabPaths[1]	WeaponPrefabPaths[2]	WeaponPrefabPaths[3]	WeaponPrefabPaths[4]	WeaponPrefabPaths[5]	WeaponPrefabPaths[6]	WeaponMountBoneNames[1]	WeaponMountBoneNames[2]	WeaponMountBoneNames[3]	WeaponMountBoneNames[4]	WeaponMountBoneNames[5]	WeaponMountBoneNames[6]	CameraPrefabPath	MainCameraPrefabPath	UiShowTime	EffectPrefabPaths[1]	EffectPrefabPaths[2]	EffectPrefabPaths[3]	EffectPrefabPaths[4]	EffectPrefabPaths[5]	EffectPrefabPaths[6]	EffectPrefabPaths[7]	EffectPrefabPaths[8]	EffectPrefabPaths[9]	EffectPrefabPaths[10]	EffectPrefabPaths[11]	EffectPrefabPaths[12]	EffectPrefabPaths[13]	EffectBoneNames[1]	EffectBoneNames[2]	EffectBoneNames[3]	EffectBoneNames[4]	EffectBoneNames[5]	EffectBoneNames[6]	EffectBoneNames[7]	EffectBoneNames[8]	EffectBoneNames[9]	EffectBoneNames[10]	EffectBoneNames[11]	EffectBoneNames[12]	EffectBoneNames[13]
1361003	160080	Assets/Product/Ui/Animation/DrawCollaboration/UiNewDrawMainPerformance/PerformanceR3DanteMd010011.playable	Assets/Product/Role/CharaterPrefab/R3DanteMd010011.prefab	Assets/Product/Role/WeaponPrefab/E3DdevilsworddanteMd010011.prefab	Assets/Product/Role/WeaponPrefab/E3DbalrogMd010011.prefab	Assets/Product/Role/WeaponPrefab/E3DfaustMd010011.prefab	Assets/Product/Role/WeaponPrefab/E3DcoyoteaMd010011.prefab	Assets/Product/Role/WeaponPrefab/E3DivoryMd010011.prefab	Assets/Product/Role/WeaponPrefab/E3DebonyMd010011.prefab	WeaponCase1	WeaponCase2	WeaponCase3	WeaponCase4	WeaponCase5	WeaponCase6	Assets/Product/Camera/Track/R3DanteMd010011/Layer1/CTDante03Win.prefab	Assets/Product/Camera/SceneCamera/165.prefab	6.23	Assets/Product/Effect/Prefab/FxR3DantePrefab/Common/FxR3DanteWinMA.prefab	Assets/Product/Effect/Prefab/FxR3DantePrefab/Common/FxR3DanteWin.prefab	Assets/Product/Effect/Prefab/FxR3DantePrefab/Common/FxR3DanteWinHair.prefab	Assets/Product/Effect/Prefab/FxR3DantePrefab/Common/FxR3DanteWinPingmu.prefab	Assets/Product/Effect/Prefab/FxR3DantePrefab/Common/FxR3DanteWinMA02.prefab									EffectRoot	EffectRoot	Bip001Head	MainCamera	EffectRoot								
1031005	165080	Assets/Product/Ui/Animation/DrawCollaboration/UiNewDrawMainPerformance/PerformanceR5LifuMd010011.playable	Assets/Product/Role/CharaterPrefab/R5LifuMd010011.prefab	Assets/Product/Role/WeaponPrefab/E2LotusbladeMd010011.prefab						WeaponCase1						Assets/Product/Camera/Track/R5LifuMd010011/Common/CTLifu05Win.prefab	Assets/Product/Camera/SceneCamera/165.prefab	5.53	Assets/Product/Effect/Prefab/FxR5LifuPrefab/Common/FxR5LifuWin.prefab	Assets/Product/Effect/Prefab/FxR5LifuPrefab/Common/FxR5LifuWin02.prefab	Assets/Product/Effect/Prefab/FxR5LifuPrefab/Common/FxR5LifuWinMA.prefab	Assets/Product/Effect/Prefab/FxR5LifuPrefab/Common/FxR5LifuWinPingmu.prefab	Assets/Product/Effect/Prefab/FxR5LifuPrefab/Common/FxR5LifuWinTrail.prefab	Assets/Product/Effect/Prefab/FxR5LifuPrefab/Common/FxR5LifuWinTrail02.prefab								EffectRoot	WeaponCaseR	EffectRoot	MainCamera	LotusBone03|LotusBone04|LotusBone05|LotusBone06|LotusBone07|LotusBone08|LotusBone09|LotusBone10	LotusBone03|LotusBone04|LotusBone05|LotusBone06|LotusBone07|LotusBone08|LotusBone09|LotusBone10							
1561003	131078	Assets/Product/Ui/Animation/DrawCollaboration/UiNewDrawMainPerformance/PerformanceR2HakamaMd010011.playable	Assets/Product/Role/CharaterPrefab/R2HakamaMd010011.prefab	Assets/Product/Role/WeaponPrefab/E2SickMd040011.prefab						WeaponCase1						Assets/Product/Camera/Track/R2HakamaMd010031/Common/CTHakama02Win.prefab	Assets/Product/Camera/SceneCamera/165.prefab	3.4																										
1511003	113071	Assets/Product/Ui/Animation/DrawCollaboration/UiNewDrawMainPerformance/PerformanceR2KamuMd010011.playable	Assets/Product/Role/CharaterPrefab/R2KamuMd010011.prefab	Assets/Product/Role/WeaponPrefab/E2KamuMd010011.prefab						WeaponCase1						Assets/Product/Camera/Track/R2KamuMd010011/Common/CTKamu02Win.prefab	Assets/Product/Camera/SceneCamera/165.prefab	4.5599	Assets/Product/Effect/Prefab/FxR2KamuPrefab/Common/FxR2KamuWin.prefab													EffectRoot												
1541003	126078	Assets/Product/Ui/Animation/DrawCollaboration/UiNewDrawMainPerformance/PerformanceR2LuolanMd010011.playable	Assets/Product/Role/CharaterPrefab/R2LuolanMd010011.prefab	Assets/Product/Role/WeaponPrefab/E2LuolanMainMd010011.prefab	Assets/Product/Role/WeaponPrefab/E2LuolanSubMd010011.prefab					WeaponCase1	WeaponCase2					Assets/Product/Camera/Track/R2LuolanMd010021/Common/CTLuolan02Win.prefab	Assets/Product/Camera/SceneCamera/165.prefab	4.73	Assets/Product/Effect/Prefab/FxR2LuolanPrefab/Common/FxR2LuolanWin.prefab													EffectRoot												
1571003	133078	Assets/Product/Ui/Animation/DrawCollaboration/UiNewDrawMainPerformance/PerformanceR2NuoanMd010011.playable	Assets/Product/Role/CharaterPrefab/R2NuoanMd010011.prefab	Assets/Product/Role/WeaponPrefab/E2NuoanMd010011.prefab	Assets/Product/Role/WeaponPrefab/E3NuoanSubMd010011.prefab					WeaponCase1	WeaponCase2					Assets/Product/Camera/Track/R2NuoanMd010031/Common/CTNuoan02Win.prefab	Assets/Product/Camera/SceneCamera/165.prefab	5.23	Assets/Product/Effect/Prefab/FxR2NuoanPrefab/Common/FxR2NuoanWinSound.prefab													EffectRoot												
1551003	129078	Assets/Product/Ui/Animation/DrawCollaboration/UiNewDrawMainPerformance/PerformanceR2PulaoMd010011.playable	Assets/Product/Role/CharaterPrefab/R2PulaoMd010011.prefab	Assets/Product/Role/WeaponPrefab/E2BoomerangMd010011.prefab						WeaponCase1						Assets/Product/Camera/Track/R2PulaoMd010031/Common/CTPulao02Win.prefab	Assets/Product/Camera/SceneCamera/165.prefab	3.23	Assets/Product/Effect/Prefab/FxR2PulaoPrefab/Common/FxR2PulaoWin.prefab													EffectRoot												
1521003	116085	Assets/Product/Ui/Animation/DrawCollaboration/UiNewDrawMainPerformance/PerformanceR2QuMd010011.playable	Assets/Product/Role/CharaterPrefab/R2QuMd010011.prefab	Assets/Product/Role/WeaponPrefab/E2QuMd010011.prefab						WeaponCase1						Assets/Product/Camera/Track/R2QuMd010011/Common/CTQu02Win.prefab	Assets/Product/Camera/SceneCamera/165.prefab	5.5599	Assets/Product/Effect/Prefab/FxR2QuPrefab/Common/FxR2QuWin.prefab													EffectRoot												
1091003	137081	Assets/Product/Ui/Animation/DrawCollaboration/UiNewDrawMainPerformance/PerformanceR3AilaMd010011.playable	Assets/Product/Role/CharaterPrefab/R3AilaMd010011.prefab	Assets/Product/Role/WeaponPrefab/E2BeamlanceMd010011.prefab						WeaponCase1						Assets/Product/Camera/Track/R3AilaMd010031/Common/CTAila03Win.prefab	Assets/Product/Camera/SceneCamera/165.prefab	4.0	Assets/Product/Effect/Prefab/FxR3AilaPrefab/Common/FxR3AilaWin.prefab	Assets/Product/Effect/Prefab/FxR3AilaPrefab/Common/FxR3AilaWinBip001Head.prefab	Assets/Product/Effect/Prefab/FxR3AilaPrefab/Common/FxR3AilaWinBoneRThighTwist1.prefab	Assets/Product/Effect/Prefab/FxR3AilaPrefab/Common/FxR3AilaWinBoneRThighTwist2.prefab	Assets/Product/Effect/Prefab/FxR3AilaPrefab/Common/FxR3AilaWin02.prefab	Assets/Product/Effect/Prefab/FxR3AilaPrefab/Common/FxR3AilaWinpingmu.prefab								EffectRoot	Bip001Head	BoneRThighTwist1	BoneRThighTwist2	EffectRoot	MainCamera							
1201003	119046	Assets/Product/Ui/Animation/DrawCollaboration/UiNewDrawMainPerformance/PerformanceR3AtwoMd010011.playable	Assets/Product/Role/CharaterPrefab/R3AtwoMd010011.prefab	Assets/Product/Role/WeaponPrefab/E3A2Md010011.prefab						WeaponCaseEx1						Assets/Product/Camera/Track/R3AtwoMd010011/CTAtwo03Win.prefab	Assets/Product/Camera/SceneCamera/165.prefab	1.8999	Assets/Product/Effect/Prefab/FxR3AtwoPrefab/FxR3AtwoWin.prefab													EffectRoot												
1041003	104170	Assets/Product/Ui/Animation/DrawCollaboration/UiNewDrawMainPerformance/PerformanceR3BiankaMd010011.playable	Assets/Product/Role/CharaterPrefab/R3BiankaMd010011.prefab	Assets/Product/Role/WeaponPrefab/E1BowMd030011.prefab						WeaponCase1						Assets/Product/Camera/Track/R3BiankaMd010011/Common/CTBianka03Win.prefab	Assets/Product/Camera/SceneCamera/165.prefab	2.5599	Assets/Product/Effect/Prefab/FxR3Bianka/Common/FxR3BiankaWin.prefab													EffectRoot												
1291003	166080	Assets/Product/Ui/Animation/DrawCollaboration/UiNewDrawMainPerformance/PerformanceR3BuouxiongMd010011.playable	Assets/Product/Role/CharaterPrefab/R3BuouxiongMd010011.prefab	Assets/Product/Role/WeaponPrefab/E2ShoesMd010011R.prefab	Assets/Product/Role/WeaponPrefab/E2ShoesMd010011L.prefab					WeaponCase1	WeaponCase2					Assets/Product/Camera/Track/R3BuouxiongMd010021/Common/CTBuouxiong03Win.prefab	Assets/Product/Camera/SceneCamera/165.prefab	4.4299	Assets/Product/Effect/Prefab/FxR3BuouxiongPrefab/Common/FxR3BuouxiongWinPingmu.prefab	Assets/Product/Effect/Prefab/FxR3BuouxiongPrefab/Common/FxR3BuouxiongWin.prefab	Assets/Product/Effect/Prefab/FxR3BuouxiongPrefab/Common/FxR3BuouxiongAtk50Bip001Head.prefab											MainCamera	EffectRoot	Bip001Head										
1321003	155078	Assets/Product/Ui/Animation/DrawCollaboration/UiNewDrawMainPerformance/PerformanceR3CibeizheMd010011.playable	Assets/Product/Role/CharaterPrefab/R3CibeizheMd010011.prefab	Assets/Product/Role/WeaponPrefab/E1CommonEmptyMd010011.prefab	Assets/Product/Role/WeaponPrefab/E2KeywandMd010011.prefab					WeaponCase1	WeaponCase2					Assets/Product/Camera/Track/R3CibeizheMd010021/Common/CTCibeizhe03Win.prefab	Assets/Product/Camera/SceneCamera/165.prefab	7.13	Assets/Product/Effect/Prefab/FxR3CibeizhePrefab/Common/FxR3CibeizheWin01.prefab	Assets/Product/Effect/Prefab/FxR3CibeizhePrefab/Common/FxR3CibeizheWin02.prefab	Assets/Product/Effect/Prefab/FxR3CibeizhePrefab/Common/FxR3CibeizheWinPingmu.prefab	Assets/Product/Effect/Prefab/FxR3CibeizhePrefab/Common/FxR3CibeizheWinPingmu02.prefab	Assets/Product/Effect/Prefab/FxR3CibeizhePrefab/Common/FxR3CibeizheWinMA01.prefab	Assets/Product/Effect/Prefab/FxR3CibeizhePrefab/Common/FxR3CibeizheWinMA02.prefab								Bip001RFinger22	EffectRoot	MainCamera	MainCamera	EffectRoot	EffectRoot							
1241003	150077	Assets/Product/Ui/Animation/DrawCollaboration/UiNewDrawMainPerformance/PerformanceR3HanyingMd010011.playable	Assets/Product/Role/CharaterPrefab/R3HanyingMd010011.prefab	Assets/Product/Role/WeaponPrefab/E1CommonEmptyMd010011.prefab	Assets/Product/Role/WeaponPrefab/E2PipaMd010011.prefab					WeaponCase1	WeaponCase2					Assets/Product/Camera/Track/R3HanyingMd010021/Common/CTHanying03Win.prefab	Assets/Product/Camera/SceneCamera/165.prefab	5.86	Assets/Product/Effect/Prefab/FxR3HanyingPrefab/Common/FxR3HanyingWin.prefab	Assets/Product/Effect/Prefab/FxR3HanyingPrefab/Common/FxR3HanyingWinTrail.prefab	Assets/Product/Effect/Prefab/FxR3HanyingPrefab/Common/FxR3HanyingWinChuxian.prefab	Assets/Product/Effect/Prefab/FxR3HanyingPrefab/Common/FxR3HanyingAtkWeapon.prefab										EffectRoot	WeaponCaseR	EffectRoot	WeaponCase2									
1071003	107170	Assets/Product/Ui/Animation/DrawCollaboration/UiNewDrawMainPerformance/PerformanceR3KalieninaMd010011.playable	Assets/Product/Role/CharaterPrefab/R3KalieninaMd010011.prefab	Assets/Product/Role/WeaponPrefab/E1SleeveMd030011.prefab						WeaponCase1						Assets/Product/Camera/Track/R3KalieninaMd010011/Common/CTKalinina03Win.prefab	Assets/Product/Camera/SceneCamera/165.prefab	2.4	Assets/Product/Effect/Prefab/FxR3KalieninaPrefab/Common/FxR3KalieninaWin.prefab	Assets/Product/Effect/Prefab/FxR3KalieninaPrefab/Common/FxR3Kalienina019101Lianhong.prefab												EffectRoot	MarkCase											
1121003	123078	Assets/Product/Ui/Animation/DrawCollaboration/UiNewDrawMainPerformance/PerformanceR3KuluomuMd010011.playable	Assets/Product/Role/CharaterPrefab/R3KuluomuMd010011.prefab	Assets/Product/Role/WeaponPrefab/E2GunbladeMainMd010011.prefab	Assets/Product/Role/WeaponPrefab/E2GunbladeSubMd010011.prefab					WeaponCase1	WeaponCase2					Assets/Product/Camera/Track/R3KuluomuMd010011/Common/CTKuluomu03Win.prefab	Assets/Product/Camera/SceneCamera/165.prefab	3.23	Assets/Product/Effect/Prefab/FxR3KuluomuPrefab/Common/FxR3KuluomuWin.prefab	Assets/Product/Effect/Prefab/FxR3KuluomuPrefab/Common/FxR3KuluomuWinWp1.prefab	Assets/Product/Effect/Prefab/FxR3KuluomuPrefab/Common/FxR3KuluomuWinBip001LHand.prefab											EffectRoot	WeaponCase1	Bip001LHand										
1271003	143078	Assets/Product/Ui/Animation/DrawCollaboration/UiNewDrawMainPerformance/PerformanceR3LamiyaMd010011.playable	Assets/Product/Role/CharaterPrefab/R3LamiyaMd010011HX.prefab	Assets/Product/Role/WeaponPrefab/E2LamiyaMd010011.prefab						WeaponCase1						Assets/Product/Camera/Track/R3LamiyaMd010031/Common/CTLamiya03Win.prefab	Assets/Product/Camera/SceneCamera/165.prefab	5.23	Assets/Product/Effect/Prefab/FxR3LamiyaPrefab/Common/FxR3LamiyaWin.prefab	Assets/Product/Effect/Prefab/FxR3LamiyaPrefab/Common/FxR3LamiyaWinTailBoneM02.prefab	Assets/Product/Effect/Prefab/FxR3LamiyaPrefab/Common/FxR3LamiyaWinPingmu.prefab											EffectRoot	TailBoneM02	MainCamera										
1011003	101170	Assets/Product/Ui/Animation/DrawCollaboration/UiNewDrawMainPerformance/PerformanceR3LiangMd010011.playable	Assets/Product/Role/CharaterPrefab/R3LiangMd010011.prefab	Assets/Product/Role/WeaponPrefab/E1GunMd030011.prefab	Assets/Product/Role/WeaponPrefab/E1GunMd030011.prefab					WeaponCase1	WeaponCase2					Assets/Product/Camera/Track/R3LiangMd010011/Common/CTLiang03Win.prefab	Assets/Product/Camera/SceneCamera/165.prefab	1.8999	Assets/Product/Effect/Prefab/FxR3LiangPrefab/Common/FxR3LiangWin.prefab													EffectRoot												
1031003	103170	Assets/Product/Ui/Animation/DrawCollaboration/UiNewDrawMainPerformance/PerformanceR3LifuMd010011.playable	Assets/Product/Role/CharaterPrefab/R3LifuMd010011.prefab	Assets/Product/Role/WeaponPrefab/E1FloatMd030011.prefab	Assets/Product/Role/WeaponPrefab/E1FloatMd030011.prefab					WeaponCase1	WeaponCase2					Assets/Product/Camera/Track/R3LifuMd010011/Common/CTLifu03Win.prefab	Assets/Product/Camera/SceneCamera/165.prefab	3.23	Assets/Product/Effect/Prefab/FxR3LifuPrefab/Common/FxR3LifuWin.prefab													EffectRoot												
1331003	156086	Assets/Product/Ui/Animation/DrawCollaboration/UiNewDrawMainPerformance/PerformanceR3LilithMd010011.playable	Assets/Product/Role/CharaterPrefab/R3LilithMd010011.prefab	Assets/Product/Role/WeaponPrefab/E2BrollyMd010011.prefab						WeaponCase1						Assets/Product/Camera/Track/R3LilithMd010011/Common/CTLilith03Win.prefab	Assets/Product/Camera/SceneCamera/165.prefab	5.63	Assets/Product/Effect/Prefab/FxR3LilithPrefab/Common/FxR3LilithWin04.prefab	Assets/Product/Effect/Prefab/FxR3LilithPrefab/Common/FxR3LilithWin01.prefab	Assets/Product/Effect/Prefab/FxR3LilithPrefab/Common/FxR3LilithWin02.prefab	Assets/Product/Effect/Prefab/FxR3LilithPrefab/Common/FxR3LilithWin03.prefab	Assets/Product/Effect/Prefab/FxR3LilithPrefab/Common/FxR3LilithWinTrail01.prefab									EffectRoot	cardRoot001|cardRoot002|cardRoot003|cardRoot004|cardRoot005|cardRoot006|cardRoot007|cardRoot008|cardRoot009|cardRoot010	EffectRoot	MainCamera	EffectRoot								
1171003	120077	Assets/Product/Ui/Animation/DrawCollaboration/UiNewDrawMainPerformance/PerformanceR3LunaMd010011.playable	Assets/Product/Role/CharaterPrefab/R3LunaMd010011.prefab	Assets/Product/Role/WeaponPrefab/E2RingMd010011.prefab						WeaponCase1						Assets/Product/Camera/Track/R3LunaMd010011/Common/CTLuna03Win.prefab	Assets/Product/Camera/SceneCamera/165.prefab	4.1599	Assets/Product/Effect/Prefab/FxR3LunaPrefab/Common/FxR3LunaWin.prefab	Assets/Product/Effect/Prefab/FxR3LunaPrefab/Common/FxR3LunaWintuowei.prefab	Assets/Product/Effect/Prefab/FxR3LunaPrefab/Common/FxR3LunaWintuowei01.prefab											EffectRoot	WeaponCase3|WeaponCase4|WeaponCase5|WeaponCase6	WeaponCase7|WeaponCase8										
1141003	114071	Assets/Product/Ui/Animation/DrawCollaboration/UiNewDrawMainPerformance/PerformanceR3LuosaitaMd010011.playable	Assets/Product/Role/CharaterPrefab/R3LuosaitaMd010011.prefab	Assets/Product/Role/WeaponPrefab/E2SpearJavelinMd010011.prefab	Assets/Product/Role/WeaponPrefab/E2SpearShieldMd010011.prefab					WeaponCase1	WeaponCase2					Assets/Product/Camera/Track/R3LuosaitaMd010011/Common/CTLuosaita03Win.prefab	Assets/Product/Camera/SceneCamera/165.prefab	3.43	Assets/Product/Effect/Prefab/FxR3LuosaitaPrefab/Common/FxR3LuosaitaBone002B.prefab	Assets/Product/Effect/Prefab/FxR3LuosaitaPrefab/Common/FxR3LuosaitaBone002mirroredB.prefab	Assets/Product/Effect/Prefab/FxR3LuosaitaPrefab/Common/FxR3LuosaitaWin.prefab											Bone002	Bone002mirrored	EffectRoot										
1021003	1021038	Assets/Product/Ui/Animation/DrawCollaboration/UiNewDrawMainPerformance/PerformanceR3LuxiyaMd010011.playable	Assets/Product/Role/CharaterPrefab/R3LuxiyaMd010011.prefab	Assets/Product/Role/WeaponPrefab/E1SwordMd030011.prefab						WeaponCase1						Assets/Product/Camera/Track/R3LuxiyaMd010011/Common/CTLuxiya03Win.prefab	Assets/Product/Camera/SceneCamera/165.prefab	3.9	Assets/Product/Effect/Prefab/FxR3LuxiyaPrefab/Common/FxR3LuxiyaWin.prefab													EffectRoot												
1391003	168137	Assets/Product/Ui/Animation/DrawCollaboration/UiNewDrawMainPerformance/PerformanceR3NietiyaMd010011.playable	Assets/Product/Role/CharaterPrefab/R3NietiyaMd010011.prefab	Assets/Product/Role/WeaponPrefab/E2SickleMd010011.prefab						WeaponCase1						Assets/Product/Camera/Track/R3NietiyaMd010021/Common/CTNietiya03Win.prefab	Assets/Product/Camera/SceneCamera/165.prefab	6.5599	Assets/Product/Effect/Prefab/FxR3NietiyaPrefab/Common/FxR3NietiyaWin01.prefab	Assets/Product/Effect/Prefab/FxR3NietiyaPrefab/Common/FxR3NietiyaWin02.prefab	Assets/Product/Effect/Prefab/FxR3NietiyaPrefab/Common/FxR3NietiyaWin03.prefab	Assets/Product/Effect/Prefab/FxR3NietiyaPrefab/Common/FxR3NietiyaWin04.prefab	Assets/Product/Effect/Prefab/FxR3NietiyaPrefab/Common/FxR3NietiyaWin05.prefab	Assets/Product/Effect/Prefab/FxR3NietiyaPrefab/Common/FxR3NietiyaWin07Pingmu.prefab	Assets/Product/Effect/Prefab/FxR3NietiyaPrefab/Common/FxR3NietiyaWin08.prefab	Assets/Product/Effect/Prefab/FxR3NietiyaPrefab/Common/FxR3NietiyaWin06.prefab						EffectRoot	Bip001Prop1	EffectRoot	BirdBoneM01	BirdBoneM03	MainCamera	EffectRoot	EffectRoot					
1191003	118060	Assets/Product/Ui/Animation/DrawCollaboration/UiNewDrawMainPerformance/PerformanceR3NinesMd010011.playable	Assets/Product/Role/CharaterPrefab/R3NinesMd010011.prefab	Assets/Product/Role/WeaponPrefab/E39SMd010011.prefab						WeaponCase1						Assets/Product/Camera/Track/R3NinesMd010011/CTNines03Win.prefab	Assets/Product/Camera/SceneCamera/165.prefab	2.5599	Assets/Product/Effect/Prefab/FxR3NinesPrefab/Common/FxR3NinesWin.prefab													EffectRoot												
1521004	146073	Assets/Product/Ui/Animation/DrawCollaboration/UiNewDrawMainPerformance/PerformanceR3QuMd010011.playable	Assets/Product/Role/CharaterPrefab/R3QuMd010011.prefab	Assets/Product/Role/WeaponPrefab/E2JianMd010011.prefab	Assets/Product/Role/CharaterPrefab/R3QupeacockMd010011.prefab					WeaponCase1						Assets/Product/Camera/Track/R3QuMd010031/Common/CTQu03Win.prefab	Assets/Product/Camera/SceneCamera/165.prefab	5.9	Assets/Product/Effect/Prefab/FxR3QuPrefab/Common/FxR3QuWin.prefab	Assets/Product/Effect/Prefab/FxR3QuPrefab/Common/FxR3QuWinPingmu.prefab												EffectRoot	MainCamera											
1531003	121078	Assets/Product/Ui/Animation/DrawCollaboration/UiNewDrawMainPerformance/PerformanceR3SailinnaMd010011.playable	Assets/Product/Role/CharaterPrefab/R3SailinnaMd010011.prefab	Assets/Product/Role/WeaponPrefab/E2CelloMainMd010011.prefab	Assets/Product/Role/WeaponPrefab/E2CelloSubMd010011.prefab					WeaponCase1	WeaponCase2					Assets/Product/Camera/Track/R3SailinnaMd010011/Common/CTSailinna03Win.prefab	Assets/Product/Camera/SceneCamera/165.prefab	4.0999	Assets/Product/Effect/Prefab/FxR3Sailinna/Common/FxR3SailinnaWin.prefab	Assets/Product/Effect/Prefab/FxR3Sailinna/Common/FxR3SailinnaWin01.prefab												EffectRoot	WeaponCase2											
1061003	1061017	Assets/Product/Ui/Animation/DrawCollaboration/UiNewDrawMainPerformance/PerformanceR3ShenweiMd010011.playable	Assets/Product/Role/CharaterPrefab/R3ShenweiMd010011.prefab	Assets/Product/Role/WeaponPrefab/E1ClaymoreMd030011.prefab						WeaponCase1						Assets/Product/Camera/Track/R3ShenweiMd010011/Common/CTShenwei03Win.prefab	Assets/Product/Camera/SceneCamera/165.prefab	1.73	Assets/Product/Effect/Prefab/FxR3ShenweiPrefab/Common/FxR3ShenweiWin.prefab													EffectRoot												
1221003	140078	Assets/Product/Ui/Animation/DrawCollaboration/UiNewDrawMainPerformance/PerformanceR3TwentyoneMd010011.playable	Assets/Product/Role/CharaterPrefab/R3TwentyoneMd010011.prefab	Assets/Product/Role/WeaponPrefab/E2ClawMd010011L.prefab	Assets/Product/Role/WeaponPrefab/E2ClawMd010011R.prefab					WeaponCase1	WeaponCase2					Assets/Product/Camera/Track/R3TwentyoneMd010011/Common/CTTwentyone03Win.prefab	Assets/Product/Camera/SceneCamera/165.prefab	5.23	Assets/Product/Effect/Prefab/FxR3TwentyonePrefab/Common/FxR3TwentyoneWin.prefab													EffectRoot												
1181003	117063	Assets/Product/Ui/Animation/DrawCollaboration/UiNewDrawMainPerformance/PerformanceR3TwobMd010011.playable	Assets/Product/Role/CharaterPrefab/R3TwobMd010011.prefab	Assets/Product/Role/WeaponPrefab/E32BSwordMd010011P01.prefab	Assets/Product/Role/WeaponPrefab/E32BBroadswordMd010011.prefab					WeaponCaseEx1	WeaponCaseEx2					Assets/Product/Camera/Track/R3TwobMd010011/CTTwob03Win.prefab	Assets/Product/Camera/SceneCamera/165.prefab	3.13	Assets/Product/Effect/Prefab/FxR3TwobPrefab/FxR3TwobWin.prefab													EffectRoot												
1351003	161080	Assets/Product/Ui/Animation/DrawCollaboration/UiNewDrawMainPerformance/PerformanceR3VergilMd010011.playable	Assets/Product/Role/CharaterPrefab/R3VergilMd010011.prefab	Assets/Product/Role/WeaponPrefab/E3VyamatoMd010012.prefab	Assets/Product/Role/WeaponPrefab/E3VyamatoMd010011.prefab	Assets/Product/Role/WeaponPrefab/E3VmirageedgeMd010011.prefab	Assets/Product/Role/WeaponPrefab/E3VbeowulfMd010011.prefab			WeaponCase1	WeaponCase2	WeaponCase3	WeaponCase4			Assets/Product/Camera/Track/R3VergilMd010011/CTVergil03Win.prefab	Assets/Product/Camera/SceneCamera/165.prefab	6.3299	Assets/Product/Effect/Prefab/FxR3VergilPrefab/Common/FxR3VergilMd010011Win.prefab													EffectRoot												
1211003	151073	Assets/Product/Ui/Animation/DrawCollaboration/UiNewDrawMainPerformance/PerformanceR3WanshiMd010011.playable	Assets/Product/Role/CharaterPrefab/R3WanshiMd010011.prefab	Assets/Product/Role/WeaponPrefab/E2RevolverMd010011.prefab	Assets/Product/Role/WeaponPrefab/E2RevolverMd010011.prefab	Assets/Product/Role/WeaponPrefab/E2RevolverMd010011.prefab				WeaponCase1	WeaponCase2	WeaponCase4				Assets/Product/Camera/Track/R3WanshiMd010031/Common/CTWanshi03Win.prefab	Assets/Product/Camera/SceneCamera/165.prefab	6.0599																										
1131003	125078	Assets/Product/Ui/Animation/DrawCollaboration/UiNewDrawMainPerformance/PerformanceR3WeilaMd010011.playable	Assets/Product/Role/CharaterPrefab/R3WeilaMd010011.prefab	Assets/Product/Role/WeaponPrefab/E2LanceSubMd010011.prefab	Assets/Product/Role/WeaponPrefab/E2LanceMainMd010011.prefab					WeaponCase1	WeaponCase2					Assets/Product/Camera/Track/R3WeilaMd010031/Common/CTWeila03Win.prefab	Assets/Product/Camera/SceneCamera/165.prefab	4.4	Assets/Product/Effect/Prefab/FxR3WeilaPrefab/Common/FxR3WeilaWin.prefab	Assets/Product/Effect/Prefab/FxR3WeilaPrefab/Common/FxR3WeilaWinTrail.prefab												EffectRoot	WeaponCase2											
1381003	164078	Assets/Product/Ui/Animation/DrawCollaboration/UiNewDrawMainPerformance/PerformanceR3WeiluonikaMd010011.playable	Assets/Product/Role/CharaterPrefab/R3WeiluonikaMd010011.prefab	Assets/Product/Role/WeaponPrefab/E2DragonlanceMd010011.prefab						WeaponCase1						Assets/Product/Camera/Track/R3WeiluonikaMd010011/Common/CTWeiluonika03Win.prefab	Assets/Product/Camera/SceneCamera/165.prefab	5.9	Assets/Product/Effect/Prefab/FxR3WeiluonikaPrefab/Common/FxR3WeiluonikaWin02.prefab	Assets/Product/Effect/Prefab/FxR3WeiluonikaPrefab/Common/FxR3WeiluonikaWinWeaponCase1.prefab	Assets/Product/Effect/Prefab/FxR3WeiluonikaPrefab/Common/FxR3WeiluonikaWinPingmu.prefab	Assets/Product/Effect/Prefab/FxR3WeiluonikaPrefab/Common/FxR3WeiluonikaWin01.prefab	Assets/Product/Effect/Prefab/FxR3WeiluonikaPrefab/Common/FxR3WeiluonikaWinEye.prefab	Assets/Product/Effect/Prefab/FxR3WeiluonikaPrefab/Common/FxR3WeiluonikaWinTrail.prefab								Bip001LHand	WeaponCase1	MainCamera	EffectRoot	Bip001Head	Bip001Pelvis							
1261003	142078	Assets/Product/Ui/Animation/DrawCollaboration/UiNewDrawMainPerformance/PerformanceR3YalishaMd010011.playable	Assets/Product/Role/CharaterPrefab/R3YalishaMd010011.prefab	Assets/Product/Role/WeaponPrefab/E1BowMd030011.prefab	Assets/Product/Role/CharaterPrefab/R3AliyaMd010011.prefab					WeaponCase1						Assets/Product/Camera/Track/R3YalishaMd010011/Common/CTYalisha03Win.prefab	Assets/Product/Camera/SceneCamera/165.prefab	5.73	Assets/Product/Effect/Prefab/FxR3YalishaPrefab/Common/FxR3YalishaWin.prefab	Assets/Product/Effect/Prefab/FxR3YalishaPrefab/Common/FxR3YalishaWin1.prefab												EffectRoot	WeaponCase2											
1051003	105170	Assets/Product/Ui/Animation/DrawCollaboration/UiNewDrawMainPerformance/PerformanceR3YongyechaoMd010011.playable	Assets/Product/Role/CharaterPrefab/R3YongyechaoMd010011.prefab	Assets/Product/Role/WeaponPrefab/E1SawMd030011.prefab						WeaponCase1						Assets/Product/Camera/Track/R3YongyechaoMd010011/Common/CTYyongyechao03win.prefab	Assets/Product/Camera/SceneCamera/165.prefab	1.5599	Assets/Product/Effect/Prefab/FxR3YongyechaoPrefab/Common/FxR3YongyechaoWin.prefab	Assets/Product/Effect/Prefab/FxR3YongyechaoPrefab/Common/FxR3YongyechaoWin02.prefab												HitCase	EffectRoot											
1041004	134095	Assets/Product/Ui/Animation/DrawCollaboration/UiNewDrawMainPerformance/PerformanceR4BiankaMd010011.playable	Assets/Product/Role/CharaterPrefab/R4BiankaMd010011HX.prefab	Assets/Product/Role/WeaponPrefab/E2BigswordMd010011.prefab						WeaponCase1						Assets/Product/Camera/Track/R4BiankaMd019011/Common/CTBianka04Win.prefab	Assets/Product/Camera/SceneCamera/165.prefab	4.63	Assets/Product/Effect/Prefab/FxR4BiankaPrefab/Common/FxR4BiankaWin01Wuqi.prefab	Assets/Product/Effect/Prefab/FxR4BiankaPrefab/Common/FxR4BiankaWinMd019241.prefab	Assets/Product/Effect/Prefab/FxR4BiankaPrefab/Common/FxR4BiankaWin02.prefab	Assets/Product/Effect/Prefab/FxR4BiankaPrefab/Common/FxR4BiankaWinSound.prefab	Assets/Product/Effect/Prefab/FxR4BiankaPrefab/Common/FxR4BiankaWinPingmu.prefab									WeaponCase1	EffectRoot	EffectRoot	EffectRoot	MainCamera								
1081004	145074	Assets/Product/Ui/Animation/DrawCollaboration/UiNewDrawMainPerformance/PerformanceR4DubianMd010011.playable	Assets/Product/Role/CharaterPrefab/R4DubianMd010011.prefab	Assets/Product/Role/WeaponPrefab/E2SabreMd010011.prefab						WeaponCase1						Assets/Product/Camera/Track/R4DubianMd010011/Common/CTDubian04Win.prefab	Assets/Product/Camera/SceneCamera/165.prefab	4.9	Assets/Product/Effect/Prefab/FxR4DubianPrefab/Common/FxR4DubianWinWeaponCase2.prefab	Assets/Product/Effect/Prefab/FxR4DubianPrefab/Common/FxR4DubianWin.prefab												WeaponCase4	EffectRoot											
1071004	132078	Assets/Product/Ui/Animation/DrawCollaboration/UiNewDrawMainPerformance/PerformanceR4KalieninaMd010011.playable	Assets/Product/Role/CharaterPrefab/R4KalieninaMd010011.prefab	Assets/Product/Role/WeaponPrefab/E2HammerMd010011.prefab						WeaponCase1						Assets/Product/Camera/Track/R4KalieninaMd010031/Common/CTKalienina04Win.prefab	Assets/Product/Camera/SceneCamera/165.prefab	5.23	Assets/Product/Effect/Prefab/FxR4KalieninaPrefab/Common/FxR4KalieninaWin.prefab													EffectRoot												
1011004	136080	Assets/Product/Ui/Animation/DrawCollaboration/UiNewDrawMainPerformance/PerformanceR4LiangMd010011.playable	Assets/Product/Role/CharaterPrefab/R4LiangMd010011.prefab	Assets/Product/Role/WeaponPrefab/E2SuperliboxMd010011.prefab	Assets/Product/Role/WeaponPrefab/E2SuperligunMd010011.prefab	Assets/Product/Role/WeaponPrefab/E2SuperlirifleMd010011.prefab				WeaponCase1	WeaponCase2	WeaponCase3				Assets/Product/Camera/Track/R4LiangMd010031/Common/CTLiang04Win.prefab	Assets/Product/Camera/SceneCamera/165.prefab	5.5599	Assets/Product/Effect/Prefab/FxR4LiangPrefab/Common/FxR4LiangWin.prefab													EffectRoot												
1031004	127078	Assets/Product/Ui/Animation/DrawCollaboration/UiNewDrawMainPerformance/PerformanceR4LifuMd010011.playable	Assets/Product/Role/CharaterPrefab/R4LifuMd010011.prefab	Assets/Product/Role/WeaponPrefab/E2WandMd010011.prefab						WeaponCase1						Assets/Product/Camera/Track/R4LifuMd010021/Common/CTLifu04Win.prefab	Assets/Product/Camera/SceneCamera/165.prefab	3.23	Assets/Product/Effect/Prefab/FxR4LifuPrefab/Common/FxR4LifuWin.prefab													EffectRoot												
1171004	148078	Assets/Product/Ui/Animation/DrawCollaboration/UiNewDrawMainPerformance/PerformanceR4LunaMd010011.playable	Assets/Product/Role/CharaterPrefab/R4LunaMd010011.prefab	Assets/Product/Role/WeaponPrefab/E2CircleMd010011L.prefab	Assets/Product/Role/WeaponPrefab/E2CircleMd010011R.prefab					WeaponCase1	WeaponCase2					Assets/Product/Camera/Track/R4LunaMd010021/Common/CTLuna04Win.prefab	Assets/Product/Camera/SceneCamera/165.prefab	5.23	Assets/Product/Effect/Prefab/FxR4LunaPrefab/Common/FxR4LunaAtkWin01.prefab	Assets/Product/Effect/Prefab/FxR4LunaPrefab/Common/FxR4LunaAtkWin02.prefab	Assets/Product/Effect/Prefab/FxR4LunaPrefab/Common/FxR4LunaAtkWin.prefab											Bip001RHand	WeaponsBoneL	EffectRoot										
1141004	167105	Assets/Product/Ui/Animation/DrawCollaboration/UiNewDrawMainPerformance/PerformanceR4LuosaitaMd010011.playable	Assets/Product/Role/CharaterPrefab/R4LuosaitaMd010011.prefab	Assets/Product/Role/WeaponPrefab/E2HalberdMd010011.prefab						WeaponCase1						Assets/Product/Camera/Track/R4LuosaitaMd010011/Common/CTLuosaita04Win.prefab	Assets/Product/Camera/SceneCamera/165.prefab	5.9	Assets/Product/Effect/Prefab/FxR4LuosaitaPrefab/Common/FxR4LuosaitaWin01.prefab	Assets/Product/Effect/Prefab/FxR4LuosaitaPrefab/Common/FxR4LuosaitaWinBip.prefab	Assets/Product/Effect/Prefab/FxR4LuosaitaPrefab/Common/FxR4LuosaitaWinScene.prefab	Assets/Product/Effect/Prefab/FxR4LuosaitaPrefab/Common/FxR4LuosaitaWinPingmu.prefab	Assets/Product/Effect/Prefab/FxR4LuosaitaPrefab/Common/FxR4LuosaitaPlanktonBoneLWin.prefab	Assets/Product/Effect/Prefab/FxR4LuosaitaPrefab/Common/FxR4LuosaitaPlanktonBoneRWin.prefab	Assets/Product/Effect/Prefab/FxR4LuosaitaPrefab/Common/FxR4LuosaitaHindBoneL05WinFire.prefab	Assets/Product/Effect/Prefab/FxR4LuosaitaPrefab/Common/FxR4LuosaitaHindBoneR05WinFire.prefab	Assets/Product/Effect/Prefab/FxR4LuosaitaPrefab/Common/FxR4LuosaitaWinWeaponHide.prefab	Assets/Product/Effect/Prefab/FxR4LuosaitaPrefab/Common/FxR4LuosaitaBip001WinTrail01.prefab	Assets/Product/Effect/Prefab/FxR4LuosaitaPrefab/Common/FxR4LuosaitaFireRHindBoneR07.prefab	Assets/Product/Effect/Prefab/FxR4LuosaitaPrefab/Common/FxR4LuosaitaFireLHindBoneL07.prefab	Assets/Product/Effect/Prefab/FxR4LuosaitaPrefab/Common/FxR4LuosaitaBip001WinTrail.prefab	EffectRoot	Bip001	EffectRoot	MainCamera	planktonBoneL00	planktonBoneR00	HindBoneL05	HindBoneR05	EffectRoot	EffectRoot	HindBoneR07	HindBoneL07	Bip001
1021004	1022071	Assets/Product/Ui/Animation/DrawCollaboration/UiNewDrawMainPerformance/PerformanceR4LuxiyaMd010011.playable	Assets/Product/Role/CharaterPrefab/R4LuxiyaMd010011.prefab	Assets/Product/Role/WeaponPrefab/E1SwordMd030011.prefab						WeaponCase1						Assets/Product/Camera/Track/R4LuxiyaMd010011/Common/CTLuxiya04Win.prefab	Assets/Product/Camera/SceneCamera/165.prefab	3.23	Assets/Product/Effect/Prefab/FxR4LuxiyaPrefab/Common/FxR4LuxiyaApple.prefab	Assets/Product/Effect/Prefab/FxR4LuxiyaPrefab/Common/FxR4LuxiyaWin.prefab												Bip001LHand	EffectRoot											
1531004	128078	Assets/Product/Ui/Animation/DrawCollaboration/UiNewDrawMainPerformance/PerformanceR4SailinnaMd010011.playable	Assets/Product/Role/CharaterPrefab/R4SailinnaMd010011.prefab	Assets/Product/Role/WeaponPrefab/E2FluntMd010011.prefab						WeaponCase1						Assets/Product/Camera/Track/R4SailinnaMd010021/Common/CTSailinna04Win.prefab	Assets/Product/Camera/SceneCamera/165.prefab	3.73	Assets/Product/Effect/Prefab/FxR4SailinnaPrefab/Common/FxR4SailinnaWin01.prefab	Assets/Product/Effect/Prefab/FxR4SailinnaPrefab/Common/FxR4SailinnaWin02.prefab	Assets/Product/Effect/Prefab/FxR4SailinnaPrefab/Common/FxR4SailinnaWinballBoneA01.prefab	Assets/Product/Effect/Prefab/FxR4SailinnaPrefab/Common/FxR4SailinnaWin03.prefab										Bone002	EffectRoot	ballBoneA01	EffectRoot									
1061004	169084	Assets/Product/Ui/Animation/DrawCollaboration/UiNewDrawMainPerformance/PerformanceR4ShenweiMd010011.playable	Assets/Product/Role/CharaterPrefab/R4ShenweiMd010011.prefab	Assets/Product/Role/WeaponPrefab/E2GreatswordMd010011.prefab						WeaponCase1						Assets/Product/Camera/Track/R4ShenweiMd010021/Common/CTShenwei04Win.prefab	Assets/Product/Camera/SceneCamera/165.prefab	6.1599	Assets/Product/Effect/Prefab/FxR4ShenweiPrefab/Common/FxR4ShenweiWin.prefab	Assets/Product/Effect/Prefab/FxR4ShenweiPrefab/Common/FxR4ShenweiWinPingmu.prefab												EffectRoot	MainCamera											
1131004	159077	Assets/Product/Ui/Animation/DrawCollaboration/UiNewDrawMainPerformance/PerformanceR4WeilaMd010011.playable	Assets/Product/Role/CharaterPrefab/R4WeilaMd010011.prefab	Assets/Product/Role/WeaponPrefab/E2BladespearMd010011R.prefab	Assets/Product/Role/WeaponPrefab/E2BladespearMd010011L.prefab					WeaponCase1	WeaponCase2					Assets/Product/Camera/Track/R4WeilaMd010031/Common/CTWeila04Win.prefab	Assets/Product/Camera/SceneCamera/165.prefab	5.5599	Assets/Product/Effect/Prefab/FxR4WeilaPrefab/Common/FxR4WeilaWin.prefab	Assets/Product/Effect/Prefab/FxR4WeilaPrefab/Common/FxR4WeilaWinFace.prefab												EffectRoot	Bip001Head											
1041005	162079	Assets/Product/Ui/Animation/DrawCollaboration/UiNewDrawMainPerformance/PerformanceR5BiankaMd010011.playable	Assets/Product/Role/CharaterPrefab/R5BiankaMd010011.prefab	Assets/Product/Role/WeaponPrefab/E2ChainswordMd010011.prefab						WeaponCase1						Assets/Product/Camera/Track/R5BiankaMd010011/Common/CTBianka05Win.prefab	Assets/Product/Camera/SceneCamera/165.prefab	4.9299	Assets/Product/Effect/Prefab/FxR5BiankaPrefab/Common/FxR5BiankaWin.prefab	Assets/Product/Effect/Prefab/FxR5BiankaPrefab/Common/FxR5BiankaWinBip001Head.prefab	Assets/Product/Effect/Prefab/FxR5BiankaPrefab/Common/FxR5BiankaWinPingmu.prefab											EffectRoot	Bip001Head	MainCamera										
1021005	138082	Assets/Product/Ui/Animation/DrawCollaboration/UiNewDrawMainPerformance/PerformanceR5LuxiyaMd010011.playable	Assets/Product/Role/CharaterPrefab/R5LuxiyaMd010011.prefab	Assets/Product/Role/WeaponPrefab/E2AlphaMd010011.prefab						WeaponCase1						Assets/Product/Camera/Track/R5LuxiyaMd010031/Common/CTLuxiya05Win.prefab	Assets/Product/Camera/SceneCamera/165.prefab	5.23	Assets/Product/Effect/Prefab/FxR5LuxiyaPrefab/Common/FxR5LuxiyaWinWeaponCase1.prefab	Assets/Product/Effect/Prefab/FxR5LuxiyaPrefab/Common/FxR5LuxiyaWinBoneLForeArmTwist1.prefab	Assets/Product/Effect/Prefab/FxR5LuxiyaPrefab/Common/FxR5LuxiyaWinBip001Head.prefab	Assets/Product/Effect/Prefab/FxR5LuxiyaPrefab/Common/FxR5LuxiyaWin.prefab	Assets/Product/Effect/Prefab/FxR5LuxiyaPrefab/Common/FxR5LuxiyaWinLongknivesBone.prefab									WeaponCase1	BoneLForeArmTwist1	Bip001Head	EffectRoot	LongknivesBone								
1531005	157084	Assets/Product/Ui/Animation/DrawCollaboration/UiNewDrawMainPerformance/PerformanceR5SailinnaMd010011.playable	Assets/Product/Role/CharaterPrefab/R5SailinnaMd010011.prefab	Assets/Product/Role/WeaponPrefab/E2BowrapierMd010011.prefab	Assets/Product/Role/WeaponPrefab/E2DoublebassMd010011.prefab					WeaponCase1	WeaponCase2					Assets/Product/Camera/Track/R5SailinnaMd010011/Common/CTSailinna05Win.prefab	Assets/Product/Camera/SceneCamera/165.prefab	5.9	Assets/Product/Effect/Prefab/FxR5SailinnaPrefab/Common/FxR5SailinnaWin.prefab	Assets/Product/Effect/Prefab/FxR5SailinnaPrefab/Common/FxR5SailinnaWinPingmu.prefab												EffectRoot	EffectRoot											
1051005	154079	Assets/Product/Ui/Animation/DrawCollaboration/UiNewDrawMainPerformance/PerformanceR5YongyechaoMd010011.playable	Assets/Product/Role/CharaterPrefab/R5YongyechaoMd010011.prefab	Assets/Product/Role/WeaponPrefab/E2BladeMd010011.prefab	Assets/Product/Role/WeaponPrefab/E2AegisMd010011.prefab	Assets/Product/Role/WeaponPrefab/E2AxeMd010011.prefab				WeaponCase1	WeaponCase2	WeaponCase3				Assets/Product/Camera/Track/R5YongyechaoMd010021/Common/CTYongyechao05Win.prefab	Assets/Product/Camera/SceneCamera/165.prefab	5.4299	Assets/Product/Effect/Prefab/FxR5YongyechaoPrefab/Common/FxR5YongyechaoWinTuoWei.prefab	Assets/Product/Effect/Prefab/FxR5YongyechaoPrefab/Common/FxR5YongyechaoWin.prefab												MechaBoneR02|MechaBoneL02	EffectRoot											
1021006	152075	Assets/Product/Ui/Animation/DrawCollaboration/UiNewDrawMainPerformance/PerformanceR6LuxiyaMd010011.playable	Assets/Product/Role/CharaterPrefab/R6LuxiyaMd010011.prefab	Assets/Product/Role/WeaponPrefab/E2TachiaMd010011.prefab	Assets/Product/Role/WeaponPrefab/E3TachibMd010011.prefab					WeaponCase1	WeaponCase2					Assets/Product/Camera/Track/R6LuxiyaMd010031/Common/CTLuxiya06Win.prefab	Assets/Product/Camera/SceneCamera/165.prefab	5.5599	Assets/Product/Effect/Prefab/FxR6LuxiyaPrefab/Common/FxR6LuxiyaWinpingmu.prefab	Assets/Product/Effect/Prefab/FxR6LuxiyaPrefab/Common/FxR6LuxiyaWin.prefab	Assets/Product/Effect/Prefab/FxR6LuxiyaPrefab/Common/FxR6LuxiyaWinWeaponCase2.prefab											MainCamera	EffectRoot	WeaponCase2										
1021007	170096	Assets/Product/Ui/Animation/DrawCollaboration/UiNewDrawMainPerformance/PerformanceR7LuxiyaMd010011.playable	Assets/Product/Role/CharaterPrefab/R7LuxiyaMd010011.prefab	Assets/Product/Role/WeaponPrefab/E2KodachiMd010011.prefab	Assets/Product/Role/WeaponPrefab/E2DachiMd010011.prefab					WeaponCase1	WeaponCase2					Assets/Product/Camera/Track/R7LuxiyaMd010021/Common/CTLuxiya07Win.prefab	Assets/Product/Camera/SceneCamera/165.prefab	6.23	Assets/Product/Effect/Prefab/FxR7LuxiyaPrefab/Common/FxR7LuxiyaWin.prefab	Assets/Product/Effect/Prefab/FxR7LuxiyaPrefab/Common/FxR7LuxiyaWinPingmu.prefab	Assets/Product/Effect/Prefab/FxR7LuxiyaPrefab/Common/FxR7LuxiyaWinWeapon.prefab	Assets/Product/Effect/Prefab/FxR7LuxiyaPrefab/Common/FxR7LuxiyaWin01.prefab	Assets/Product/Effect/Prefab/FxR7LuxiyaPrefab/Common/FxR7LuxiyaWin02.prefab	Assets/Product/Effect/Prefab/FxR7LuxiyaPrefab/Common/FxR7LuxiyaWinHead.prefab	Assets/Product/Effect/Prefab/FxR7LuxiyaPrefab/Common/FxR7LuxiyaBuffWeaponQie01.prefab	Assets/Product/Effect/Prefab/FxR7LuxiyaPrefab/Common/FxR7LuxiyaBuffWeaponQie02.prefab						EffectRoot	MainCamera	WeaponCase2	Bip001LForearm	Bip001Head	Bip001Head	EffectRoot	EffectRoot					
1051004	130078	Assets/Product/Ui/Animation/DrawCollaboration/UiNewDrawMainPerformance/PerformanceR4YongyechaobotMd010011.playable	Assets/Product/Role/CharaterPrefab/R4YongyechaobotMd010011.prefab	Assets/Product/Role/WeaponPrefab/E2CuttingMd010011.prefab	Assets/Product/Role/CharaterPrefab/R4YongyechaoMd010011.prefab					WeaponCase1	Bip001Spine1					Assets/Product/Camera/Track/R4YongyechaobotMd010031/Common/CTYongyechao04Win.prefab	Assets/Product/Camera/SceneCamera/165.prefab	4.9	Assets/Product/Effect/Prefab/FxR4YongyechaobotPrefab/Common/FxR4YongyechaobotWinSound.prefab													EffectRoot												
1401003	171103	Assets/Product/Ui/Animation/DrawCollaboration/UiNewDrawMainPerformance/PerformanceR3HelentineMd010011.playable	Assets/Product/Role/CharaterPrefab/R3HelentineMd010011.prefab	Assets/Product/Role/WeaponPrefab/E2ChainsawMd010011.prefab						WeaponCase1						Assets/Product/Camera/Track/R3HelentineMd010011/Common/CTHelentine03Win.prefab	Assets/Product/Camera/SceneCamera/165.prefab	6.4	Assets/Product/Effect/Prefab/FxR3HelentinePrefab/Common/FxR3HelentineWin.prefab	Assets/Product/Effect/Prefab/FxR3HelentinePrefab/Common/FxR3HelentineWin01.prefab												EffectRoot	EffectRoot											
1071005	172091	Assets/Product/Ui/Animation/DrawCollaboration/UiNewDrawMainPerformance/PerformanceR5KalieninaMd010011.playable	Assets/Product/Role/CharaterPrefab/R5KalieninaMd010011.prefab	Assets/Product/Role/WeaponPrefab/E2AnchorMd010011.prefab						WeaponCase1						Assets/Product/Camera/Track/R5KalieninaMd010021/Common/CTKalienina05Win.prefab	Assets/Product/Camera/SceneCamera/165.prefab	7.73	Assets/Product/Effect/Prefab/FxR5KalieninaPrefab/Common/FxR5KalieninaWin01.prefab	Assets/Product/Effect/Prefab/FxR5KalieninaPrefab/Common/FxR5KalieninaWinPingmu.prefab	Assets/Product/Effect/Prefab/FxR5KalieninaPrefab/Common/FxR5KalieninaWinWeaponCase1.prefab											EffectRoot	MainCamera	WeaponCase1										
