Id	Name	TimeId	CueId	ControlIds[1]	ControlIds[2]	ControlIds[3]	ControlIds[4]	StageEntranceImg	StageMainUiDisplayImg	StageMainUiSilhouetteImg	StageGamePlaySilhouetteImg	TargetCompeleteSpinePrefab	IsMainPerformance
101	1	48811	7195	1	2	3	4	Assets/Product/Texture/Image/UiConcertPreHeating/UiConcertPreHeatingMainCDRole101.png	Assets/Product/Texture/Image/UiConcertPreHeating/UiConcertPreHeatingMainRole101.png	Assets/Product/Texture/Image/UiConcertPreHeating/UiConcertPreHeatingMainRole101Black.png	Assets/Product/Texture/Image/UiConcertPreHeating/UiConcertPreHeatingTuningStageRole101.png	Assets/Product/Ui/Spine/4_6_Spine/V46_UiConcertPreHeating/V46_TuningStage1_LuXiYa/V46_TuningStage1_LuXiYa.prefab	
102	2	48811	7199	17	18	19	20	Assets/Product/Texture/Image/UiConcertPreHeating/UiConcertPreHeatingMainCDRole105.png	Assets/Product/Texture/Image/UiConcertPreHeating/UiConcertPreHeatingMainRole105.png	Assets/Product/Texture/Image/UiConcertPreHeating/UiConcertPreHeatingMainRole105Black.png	Assets/Product/Texture/Image/UiConcertPreHeating/UiConcertPreHeatingTuningStageRole105.png	Assets/Product/Ui/Spine/4_6_Spine/V46_UiConcertPreHeating/V46_TuningStage2_LiFu/V46_TuningStage2_LiFu.prefab	
103	3	48812	7196	5	6	7	8	Assets/Product/Texture/Image/UiConcertPreHeating/UiConcertPreHeatingMainCDRole102.png	Assets/Product/Texture/Image/UiConcertPreHeating/UiConcertPreHeatingMainRole102.png	Assets/Product/Texture/Image/UiConcertPreHeating/UiConcertPreHeatingMainRole102Black.png	Assets/Product/Texture/Image/UiConcertPreHeating/UiConcertPreHeatingTuningStageRole102.png	Assets/Product/Ui/Spine/4_6_Spine/V46_UiConcertPreHeating/V46_TuningStage3_Li/V46_TuningStage3_Li.prefab	
104	4	48812	7200	21	22	23	24	Assets/Product/Texture/Image/UiConcertPreHeating/UiConcertPreHeatingMainCDRole106.png	Assets/Product/Texture/Image/UiConcertPreHeating/UiConcertPreHeatingMainRole106.png	Assets/Product/Texture/Image/UiConcertPreHeating/UiConcertPreHeatingMainRole106Black.png	Assets/Product/Texture/Image/UiConcertPreHeating/UiConcertPreHeatingTuningStageRole106.png	Assets/Product/Ui/Spine/4_6_Spine/V46_UiConcertPreHeating/V46_TuningStage4_ShenWei/V46_TuningStage4_ShenWei.prefab	
105	5	48813	7197	9	10	11	12	Assets/Product/Texture/Image/UiConcertPreHeating/UiConcertPreHeatingMainCDRole103.png	Assets/Product/Texture/Image/UiConcertPreHeating/UiConcertPreHeatingMainRole103.png	Assets/Product/Texture/Image/UiConcertPreHeating/UiConcertPreHeatingMainRole103Black.png	Assets/Product/Texture/Image/UiConcertPreHeating/UiConcertPreHeatingTuningStageRole103.png	Assets/Product/Ui/Spine/4_6_Spine/V46_UiConcertPreHeating/V46_TuningStage6_KaLieNina/V46_TuningStage6_KaLieNina.prefab	
106	6	48813	7198	13	14	15	16	Assets/Product/Texture/Image/UiConcertPreHeating/UiConcertPreHeatingMainCDRole104.png	Assets/Product/Texture/Image/UiConcertPreHeating/UiConcertPreHeatingMainRole104.png	Assets/Product/Texture/Image/UiConcertPreHeating/UiConcertPreHeatingMainRole104Black.png	Assets/Product/Texture/Image/UiConcertPreHeating/UiConcertPreHeatingTuningStageRole104.png	Assets/Product/Ui/Spine/4_6_Spine/V46_UiConcertPreHeating/V46_TuningStage5_SaiLinNa/V46_TuningStage5_SaiLinNa.prefab	
107	7	48814	7201	25	26	27	28	Assets/Product/Texture/Image/UiConcertPreHeating/UiConcertPreHeatingMainCDRole107.png	Assets/Product/Texture/Image/UiConcertPreHeating/UiConcertPreHeatingMainRole107.png	Assets/Product/Texture/Image/UiConcertPreHeating/UiConcertPreHeatingMainRole107Black.png	Assets/Product/Texture/Image/UiConcertPreHeating/UiConcertPreHeatingTuningStageRole107.png	Assets/Product/Ui/Spine/4_6_Spine/V46_UiConcertPreHeating/V46_TuningStage8_AErFa/V46_TuningStage8_AErFa.prefab	
108	8	48814	7202	29	30	31	32	Assets/Product/Texture/Image/UiConcertPreHeating/UiConcertPreHeatingMainCDRole108.png	Assets/Product/Texture/Image/UiConcertPreHeating/UiConcertPreHeatingMainRole108.png	Assets/Product/Texture/Image/UiConcertPreHeating/UiConcertPreHeatingMainRole108Black.png	Assets/Product/Texture/Image/UiConcertPreHeating/UiConcertPreHeatingTuningStageRole108.png	Assets/Product/Ui/Spine/4_6_Spine/V46_UiConcertPreHeating/V46_TuningStage7_LuoLan/V46_TuningStage7_LuoLan.prefab	
109	Perfect Tuning	48815	7205	33	34	35	36	Assets/Product/Texture/Image/UiConcertPreHeating/UiConcertPreHeatingMainCDRole109.png		Assets/Product/Texture/Image/UiConcertPreHeating/UiConcertPreHeatingMainRole109Black.png	Assets/Product/Texture/Image/UiConcertPreHeating/UiConcertPreHeatingTuningStageRole109.png		1
