Id	TimeId	SkipId	Name	ShowBeginTime	Source
998		2	Invite Friend		client/activity/Activity
999		2	Invite Code		client/activity/Activity
981		2	Returning Player Experience Survey		client/activity/Activity
970			Return Support		client/activity/Activity
960	906	1	Phase Rewards		client/activity/Activity
961	906	2	Meritorious Reward		client/activity/Activity
962	906	3	Phase Mission		client/activity/Activity
963	906	4	Thunderbolt Research		client/activity/Activity
964	906	5	Meritorious Supply		client/activity/Activity
965	906	6	Thunderbolt Tutorial		client/activity/Activity
966	906	7	Event Guide		client/activity/Activity
900	908		Insatiable Research		client/activity/Activity
400	49701		Steering By Light	1787097600	client/activity/Activity
401	49304	20017	Simulated Battlefield	1787097600	client/activity/Activity
402	49920	1300635	Blazing Rhapsody	1787097600	client/activity/Activity
403	49601	89093	Rapid Pursuit		client/activity/Activity
404	49101	11724	Waves in Wrath		client/activity/Activity
405	49702	7209	Omniframe Target	1787097600	client/activity/Activity
406	49702	7212	CUB Target	1787097600	client/activity/Activity
407	49704	20020	New Coating - Blazing Rhythm	1787097600	client/activity/Activity
408	49704	20020	New Coating - Sunlit Tides	1787097600	client/activity/Activity
409	49904	20171	Tactical Assessment Manual	1787097600	client/activity/Activity
410	49924	20235	Breakers Resurfaced	1787097600	client/activity/Activity
411	49103	7107	Adaptation Fitting - Patrick	1787097600	client/activity/Activity
412	49925	20392	Character Leap - Pyroath	1787097600	client/activity/Activity
413	49102	10035	Blazing Rhythm	1787097600	client/activity/Activity
414	49104	10035	Sunlit Tides	1787097600	client/activity/Activity
415	49501	90069	Tainted Moonrise		client/activity/Activity
416	49501	90070	Grandiose Glamor		client/activity/Activity
426	49501	90071	Neon Dynamite		client/activity/Activity
427	49501	90072	Nightfall Finale		client/activity/Activity
417	48119	20182	Summer's Rhythm		client/activity/Activity
418	49301	20266	Scarlet Arrival		client/activity/Activity
428	49302	20091	Ripples of the Past		client/activity/Activity
429	49105	10035	Drift Into Summer	1787097600	client/activity/Activity
430	49111	10035	Graffiti Code	1787097600	client/activity/Activity
431	49201	89113	Love's Leisure Hour	1787097600	client/activity/Activity
1		11736	Leaf-Ferried Dreams		share/fuben/FubenActivity
2		20015	Babel Tower: Dimming Surge		share/fuben/FubenActivity
3		11761	Magpie's Fortune		share/fuben/FubenActivity
4	49303	20017	Simulated Battlefield		share/fuben/FubenActivity
5	49101	11724	Waves in Wrath		share/fuben/FubenActivity
6		82070	Operation Uniframe		share/fuben/FubenActivity
8		80201	Path of Buried Wishes		share/fuben/FubenActivity
9		87001	Co-op Mode		share/fuben/FubenActivity
10		20177	Cat Grab		share/fuben/FubenActivity
11		82001	Spectroscopic Binary Star		share/fuben/FubenActivity
12		11773	Endless Summer Blue		share/fuben/FubenActivity
13			Palette Clash		share/fuben/FubenActivity
14		89001	Blazing Trails		share/fuben/FubenActivity
15		88005	Memory Rescue - Canvas Chronicle		share/fuben/FubenActivity
16	49924	20235	Breakers Resurfaced		share/fuben/FubenActivity
17		20104	Ultimate Brawl - Deadlocked		share/fuben/FubenActivity
18		89008	Crafting Lulu		share/fuben/FubenActivity
19		11795	Arcade Anima: Noan		share/fuben/FubenActivity
20		89011	Corrupted Battlefront		share/fuben/FubenActivity
21		20260	Lost in Whitebloom: Rerun		share/fuben/FubenActivity
22		20128	Pathfinder		share/fuben/FubenActivity
23		85013	Forever Racer		share/fuben/FubenActivity
24		89013	Skylark Nightsong		share/fuben/FubenActivity
25		89015	Space Odyssey		share/fuben/FubenActivity
26		89016	Nemesis Brawl		share/fuben/FubenActivity
27		81104	Limit Break		share/fuben/FubenActivity
28		80176	Special Dispatch: Wasteland Merchant		share/fuben/FubenActivity
29		20083	Into the Deep		share/fuben/FubenActivity
30		90034	Lightning and Thunder: Rerun		share/fuben/FubenActivity
31		82080	Devour Wave Escape: Time Gap		share/fuben/FubenActivity
32		89025	Midsummer Rewind		share/fuben/FubenActivity
33		85016	Guild Expedition		share/fuben/FubenActivity
34		89028	Game of Thorns		share/fuben/FubenActivity
35		89095	Summer Stroll		share/fuben/FubenActivity
36		89030	Blazing Simulacrum		share/fuben/FubenActivity
37		84010	Brandishing Tunes		share/fuben/FubenActivity
38		89044	Alternate World: Spice and Salt		share/fuben/FubenActivity
39		89045	Magic Square Bounce		share/fuben/FubenActivity
40		89050	Pulao's Cultivation		share/fuben/FubenActivity
41		89049	Wreck-It Shark-speare		share/fuben/FubenActivity
42		89052	Spring Gala		share/fuben/FubenActivity
43		89058	Nexus Trek		share/fuben/FubenActivity
44		89061	Trial of Simulacrums		share/fuben/FubenActivity
45		89057	Crouching Cat, Hidden Rat		share/fuben/FubenActivity
46		89060	Paint of Dunhuang		share/fuben/FubenActivity
47		89063	Infinity Algorithm		share/fuben/FubenActivity
48		89062	Sweet Respite		share/fuben/FubenActivity
49		89074	Hydrangea Gala		share/fuben/FubenActivity
50		89071	Holographic Replay		share/fuben/FubenActivity
51		90020	Lazy Delivery		share/fuben/FubenActivity
52		89073	Armored Up		share/fuben/FubenActivity
53		89075	Fluffy Snooze		share/fuben/FubenActivity
54		20256	Shape of Thunder: Rerun		share/fuben/FubenActivity
55		20258	Sinking Mermaid: Rerun		share/fuben/FubenActivity
56		89079	Operation SimTerra		share/fuben/FubenActivity
57		90010	Tactical Analysis Compilation		share/fuben/FubenActivity
58		90030	Scorched Moon: Rerun		share/fuben/FubenActivity
59		90011	Corrupted Battlefront: Pioneers of Peril		share/fuben/FubenActivity
60		90014	Cyber Checkmate		share/fuben/FubenActivity
61		90016	Shuffling Duel		share/fuben/FubenActivity
62		90018	A Flash of Love		share/fuben/FubenActivity
63		20245	A Love Story Across Time		share/fuben/FubenActivity
64		89091	Permanent Rift		share/fuben/FubenActivity
65		90023	Vanquishing Embers		share/fuben/FubenActivity
66		90024	Lamento di Phantasma		share/fuben/FubenActivity
67		90025	Debugging Frenzy		share/fuben/FubenActivity
68		90031	Viva la Nina: Rerun		share/fuben/FubenActivity
69		90032	Slumberland: Rerun		share/fuben/FubenActivity
70		90036	Dreams at Twilight		share/fuben/FubenActivity
71	49601	89093	Rapid Pursuit		share/fuben/FubenActivity
72		89094	Shattered Mirage		share/fuben/FubenActivity
73		89062	Earthy Camping		share/fuben/FubenActivity
74		20292	Lost in Whitebloom: Rerun		share/fuben/FubenActivity
75		20290	Shape of Thunder: Rerun		share/fuben/FubenActivity
76		20291	Sinking Mermaid: Rerun		share/fuben/FubenActivity
77		20289	A Love Story Across Time: Rerun		share/fuben/FubenActivity
81		89100	Stellar Rush		share/fuben/FubenActivity
83		20299	Her Merciful Gaze		share/fuben/FubenActivity
84		90047	Hyperlink Array		share/fuben/FubenActivity
85		20321	Behind the Curtain		share/fuben/FubenActivity
86	49920	1300635	Blazing Rhapsody		share/fuben/FubenActivity
87		20342	Dreams at Twilight: Rerun		share/fuben/FubenActivity
88		20343	A Love Story Across Time: Rerun		share/fuben/FubenActivity
89		20344	Shape of Thunder: Rerun		share/fuben/FubenActivity
90		20345	Sinking Mermaid: Rerun		share/fuben/FubenActivity
91		20350	A Love Story Across Time: Rerun		share/fuben/FubenActivity
92		20351	Shape of Thunder: Rerun		share/fuben/FubenActivity
93		20352	Sinking Mermaid: Rerun		share/fuben/FubenActivity
94		20353	Lost in Whitebloom: Rerun		share/fuben/FubenActivity
95		1300640	Retro Arcade		share/fuben/FubenActivity
96		20364	Path of Unclouded Hearts		share/fuben/FubenActivity
97		89105	Huhu's Fantastic Garden		share/fuben/FubenActivity
98	48820	89106	Tidal Wishes		share/fuben/FubenActivity
99	49201	89113	Love's Leisure Hour		share/fuben/FubenActivity
100	48801	90068	Dimensional Tuner		share/fuben/FubenActivity
1	49901		ActivityBrief		client/activitybrief/ActivityBrief
1	49401	536	3.4主线活动		client/activitybrief/ActivityBriefGroup
2		8000	Side Event		client/activitybrief/ActivityBriefGroup
3	49101	11724	3.4超难关		client/activitybrief/ActivityBriefGroup
4		20019	8/6-8/20		client/activitybrief/ActivityBriefGroup
5		20117	Interlude 1		client/activitybrief/ActivityBriefGroup
6		20015	Babel Tower		client/activitybrief/ActivityBriefGroup
7		20018	Roguelike Ascension		client/activitybrief/ActivityBriefGroup
8	49303	20017	Multi Clear		client/activitybrief/ActivityBriefGroup
9		11723	Regional Co-op		client/activitybrief/ActivityBriefGroup
10		11722	Sniper Battle		client/activitybrief/ActivityBriefGroup
11		11729	Short Story		client/activitybrief/ActivityBriefGroup
12		11731	Interlude 2		client/activitybrief/ActivityBriefGroup
13		11726	Autopoiesis Maze		client/activitybrief/ActivityBriefGroup
14		15001	Guild System		client/activitybrief/ActivityBriefGroup
15		11728	Resources AE-5		client/activitybrief/ActivityBriefGroup
16		89025	Training Stage		client/activitybrief/ActivityBriefGroup
17		99998	Kowloong War		client/activitybrief/ActivityBriefGroup
18		11735	World Boss		client/activitybrief/ActivityBriefGroup
19		20104	Auto Chess		client/activitybrief/ActivityBriefGroup
20		10009	New Ultimate Zone		client/activitybrief/ActivityBriefGroup
21		20055	Event Shop		client/activitybrief/ActivityBriefGroup
22		99995	Extra - Hidden		client/activitybrief/ActivityBriefGroup
23		11737	Board Game Mode		client/activitybrief/ActivityBriefGroup
24		11736	RPG Mode		client/activitybrief/ActivityBriefGroup
25		20053	Event Draw		client/activitybrief/ActivityBriefGroup
26		11738	Fake Ascension - Main Roleplay Event		client/activitybrief/ActivityBriefGroup
27	49924	20235	3.4新角色试玩		client/activitybrief/ActivityBriefGroup
28	49104	10035	涂装试玩关		client/activitybrief/ActivityBriefGroup
29		15003	Mentorship System		client/activitybrief/ActivityBriefGroup
30		11749	Nier Mode		client/activitybrief/ActivityBriefGroup
31		11750	Micawberism Cloisters		client/activitybrief/ActivityBriefGroup
32		11751	追及玩法		client/activitybrief/ActivityBriefGroup
33		70001	Super Stronghold		client/activitybrief/ActivityBriefGroup
34		11752	Simulated Battle		client/activitybrief/ActivityBriefGroup
35		7110	宠物		client/activitybrief/ActivityBriefGroup
36		80011	2021 White Day Event		client/activitybrief/ActivityBriefGroup
37		11753	Ro-sham-bo Mini-game		client/activitybrief/ActivityBriefGroup
38		11756	Moe War		client/activitybrief/ActivityBriefGroup
39		7212	Pet Cards Drawing System		client/activitybrief/ActivityBriefGroup
40		7109	New CUB Event		client/activitybrief/ActivityBriefGroup
41		11761	Poker Guessing		client/activitybrief/ActivityBriefGroup
42		11758	Hacking Mode		client/activitybrief/ActivityBriefGroup
43		20128	Push Box		client/activitybrief/ActivityBriefGroup
44		81104	Limit Break		client/activitybrief/ActivityBriefGroup
45		82001	双人同行		client/activitybrief/ActivityBriefGroup
46		20084	Super Tower Climb		client/activitybrief/ActivityBriefGroup
47		20088	Summer Event Stages		client/activitybrief/ActivityBriefGroup
48		20083	Killing Space		client/activitybrief/ActivityBriefGroup
49		11734	Virtual Horizon		client/activitybrief/ActivityBriefGroup
50		82010	3-Ping - Circuit Connect		client/activitybrief/ActivityBriefGroup
51		80176	Special Dispatch - Server Final Battle		client/activitybrief/ActivityBriefGroup
52		20104	Ultimate Brawl		client/activitybrief/ActivityBriefGroup
53		89012	Tutorial Stage Coating Trial		client/activitybrief/ActivityBriefGroup
54		89011	Shooting Mode		client/activitybrief/ActivityBriefGroup
55		82040	Memory Rescue		client/activitybrief/ActivityBriefGroup
56		82020	Roguelike Mode		client/activitybrief/ActivityBriefGroup
57		82050	Management Sim		client/activitybrief/ActivityBriefGroup
58		82070	SP characters		client/activitybrief/ActivityBriefGroup
59		82080	Limited Time Escape		client/activitybrief/ActivityBriefGroup
60		20191	Floating Record - Story Collection		client/activitybrief/ActivityBriefGroup
61		82100	Tower Defense		client/activitybrief/ActivityBriefGroup
62			Secondary Panel Event Shop		client/activitybrief/ActivityBriefGroup
63		20125	Secondary Panel Jump		client/activitybrief/ActivityBriefGroup
64		85016	Guild War		client/activitybrief/ActivityBriefGroup
65		20177	矿工		client/activitybrief/ActivityBriefGroup
66		83010	福禄献礼		client/activitybrief/ActivityBriefGroup
67		84010	Music Mini-game		client/activitybrief/ActivityBriefGroup
68		84020	Multidimensional Challenge		client/activitybrief/ActivityBriefGroup
69		20147	Event Story		client/activitybrief/ActivityBriefGroup
70		84040	Simulated Siege		client/activitybrief/ActivityBriefGroup
71		85013	Yin-Yang Tower - Inner World		client/activitybrief/ActivityBriefGroup
72		11727	Special Training		client/activitybrief/ActivityBriefGroup
73		11761	Double Seventh Festival Event		client/activitybrief/ActivityBriefGroup
74		85015	Roguelike 2.0 (Cursed Waves)		client/activitybrief/ActivityBriefGroup
75		20166	Mid-Autumn Event Story		client/activitybrief/ActivityBriefGroup
76		11772	Arcade Anima		client/activitybrief/ActivityBriefGroup
77		80201	The Mythic Paradise of Punishing: Gray Raven		client/activitybrief/ActivityBriefGroup
78		88004	Palette Clash		client/activitybrief/ActivityBriefGroup
79		89001	Blazing Trails		client/activitybrief/ActivityBriefGroup
80		11775	Memory Pact		client/activitybrief/ActivityBriefGroup
81		89008	Punishing: Gray Raven Restaurant		client/activitybrief/ActivityBriefGroup
82		89007	Special Training		client/activitybrief/ActivityBriefGroup
83		90024	Holiday Story		client/activitybrief/ActivityBriefGroup
84		89013	Dumplings and Dragons		client/activitybrief/ActivityBriefGroup
85		89015	Space Odyssey		client/activitybrief/ActivityBriefGroup
86		89016	BVB		client/activitybrief/ActivityBriefGroup
87		89018	Cerberus - The Meandering Three		client/activitybrief/ActivityBriefGroup
88		89023	Ultralimit Streak		client/activitybrief/ActivityBriefGroup
89		89027	Roguelike 3.0		client/activitybrief/ActivityBriefGroup
90		89028	BLACK★ROCK SHOOTER Battle Chess		client/activitybrief/ActivityBriefGroup
91		89044	Kowloong's Greatest Merchant		client/activitybrief/ActivityBriefGroup
92		511	2.9 Main Event Special Configuration - Hidden Stage		client/activitybrief/ActivityBriefGroup
94		10035	Coating Trial Stage Assembly Version		client/activitybrief/ActivityBriefGroup
95		89045	Magic Square Bounce		client/activitybrief/ActivityBriefGroup
96		510	Hidden Story		client/activitybrief/ActivityBriefGroup
97		89049	Turkey Square		client/activitybrief/ActivityBriefGroup
98		89050	Kotodama		client/activitybrief/ActivityBriefGroup
99		89052	Temple Fair		client/activitybrief/ActivityBriefGroup
100		89058	Punishing: Gray Raven Crafts		client/activitybrief/ActivityBriefGroup
101		89057	Crouching Cat, Hidden Rat		client/activitybrief/ActivityBriefGroup
102		10035	Lamia Coating Trial Stage		client/activitybrief/ActivityBriefGroup
103		89062	Wanshi Connect		client/activitybrief/ActivityBriefGroup
104		89063	Effect Mode		client/activitybrief/ActivityBriefGroup
105		89065	Coating Story		client/activitybrief/ActivityBriefGroup
106		89061	Rating Mode		client/activitybrief/ActivityBriefGroup
107		89073	New Hard		client/activitybrief/ActivityBriefGroup
108		89071	Simulated Trial Event		client/activitybrief/ActivityBriefGroup
109		89074	Stroll Mode		client/activitybrief/ActivityBriefGroup
110		90020	Inventory Sorting		client/activitybrief/ActivityBriefGroup
112		89079	FPS		client/activitybrief/ActivityBriefGroup
113		90010	Selection Stage		client/activitybrief/ActivityBriefGroup
114		80203	Luna Pool Coating		client/activitybrief/ActivityBriefGroup
115		90011	Corrupted Battlefront: Pioneers of Peril		client/activitybrief/ActivityBriefGroup
116		90014	幸运房东		client/activitybrief/ActivityBriefGroup
117		20239	Grindable Character Pool		client/activitybrief/ActivityBriefGroup
118		89061	Trial of Simulacrums		client/activitybrief/ActivityBriefGroup
119		90016	Card Game		client/activitybrief/ActivityBriefGroup
120		90018	Valentine's Day		client/activitybrief/ActivityBriefGroup
121		89091	New Mine		client/activitybrief/ActivityBriefGroup
122		90025	Pac-Man		client/activitybrief/ActivityBriefGroup
123		89092	Roguelike 5		client/activitybrief/ActivityBriefGroup
124		526	3.6 Second Half Main Event		client/activitybrief/ActivityBriefGroup
125	49601	89093	Holographic Replay Bonuses		client/activitybrief/ActivityBriefGroup
126		89094	Tactical Override		client/activitybrief/ActivityBriefGroup
127		525	3.6上半主线		client/activitybrief/ActivityBriefGroup
128		527	3.7主线活动		client/activitybrief/ActivityBriefGroup
131		1300609	3.6角色试玩		client/activitybrief/ActivityBriefGroup
132		1300610	3.7角色试玩		client/activitybrief/ActivityBriefGroup
133		89100	Horse Betting		client/activitybrief/ActivityBriefGroup
134		89047	Anniversary Panel		client/activitybrief/ActivityBriefGroup
135		89076	Babylonia 2.0		client/activitybrief/ActivityBriefGroup
136		90058	空花预热签到		client/activitybrief/ActivityBriefGroup
137		90047	relink		client/activitybrief/ActivityBriefGroup
138		20363	卡池皮肤试玩		client/activitybrief/ActivityBriefGroup
139		90018	情人节打牌		client/activitybrief/ActivityBriefGroup
140		90055	Service Shop		client/activitybrief/ActivityBriefGroup
141		90057	Service Mission		client/activitybrief/ActivityBriefGroup
142		89090	Roguelike 4		client/activitybrief/ActivityBriefGroup
143	49551	20385	大好感		client/activitybrief/ActivityBriefGroup
144	49920	1300635	PGR Brothers		client/activitybrief/ActivityBriefGroup
145		1300640	Minigame Collection		client/activitybrief/ActivityBriefGroup
146	48601	89102	肉鸽6		client/activitybrief/ActivityBriefGroup
147		89105	Grand Dyeing		client/activitybrief/ActivityBriefGroup
148	48820	89106	夏日剧情活动		client/activitybrief/ActivityBriefGroup
149		89094	Mini Modification		client/activitybrief/ActivityBriefGroup
150	49201	89113	七夕开包		client/activitybrief/ActivityBriefGroup
46004	48820	89106	Tidal Wishes		share/newactivitycalendar/NewActivityCalendarActivity
46010	48801	90068	Dimensional Tuner		share/newactivitycalendar/NewActivityCalendarActivity
47001	49702	20235	Breakers Resurfaced		share/newactivitycalendar/NewActivityCalendarActivity
47002	49102	10035	Blazing Rhythm		share/newactivitycalendar/NewActivityCalendarActivity
47003	49104	10035	Sunlit Tides		share/newactivitycalendar/NewActivityCalendarActivity
47005	49920	1300635	Blazing Rhapsody		share/newactivitycalendar/NewActivityCalendarActivity
47006	49101	11724	Waves in Wrath		share/newactivitycalendar/NewActivityCalendarActivity
47007	49601	89093	Rapid Pursuit		share/newactivitycalendar/NewActivityCalendarActivity
47008	49201	89113	Love's Leisure Hour		share/newactivitycalendar/NewActivityCalendarActivity
47009	49551	20385	Journal of Promise		share/newactivitycalendar/NewActivityCalendarActivity
47010	49301	20266	Scarlet Arrival		share/newactivitycalendar/NewActivityCalendarActivity
47011	49302	20091	Ripples of the Past		share/newactivitycalendar/NewActivityCalendarActivity
47012	49105	10035	Drift Into Summer		share/newactivitycalendar/NewActivityCalendarActivity
1030			Stars Ensnared		share/fuben/mainline2/MainLine2Main+Chapter
2006			When Day Breaks		share/fuben/mainline2/MainLine2Main+Chapter
2007			Soaring Beyond		share/fuben/mainline2/MainLine2Main+Chapter
2008			The Long Goodbye		share/fuben/mainline2/MainLine2Main+Chapter
1031			Shaper's Ripples		share/fuben/mainline2/MainLine2Main+Chapter
1131			Shaper's Ripples		share/fuben/mainline2/MainLine2Main+Chapter
1231			Shaper's Ripples		share/fuben/mainline2/MainLine2Main+Chapter
1331			Shaper's Ripples		share/fuben/mainline2/MainLine2Main+Chapter
2009			Crescent Sun		share/fuben/mainline2/MainLine2Main+Chapter
1032			To the Galaxies		share/fuben/mainline2/MainLine2Main+Chapter
1033			Wither to Shine		share/fuben/mainline2/MainLine2Main+Chapter
2010			Deceivers' Rapture		share/fuben/mainline2/MainLine2Main+Chapter
1034			Dream till the Timeless End		share/fuben/mainline2/MainLine2Main+Chapter
2011			Begin Anew		share/fuben/mainline2/MainLine2Main+Chapter
2111			Begin Anew		share/fuben/mainline2/MainLine2Main+Chapter
2012			Spark to Wildfire		share/fuben/mainline2/MainLine2Main+Chapter
1035			Echoes Adrift		share/fuben/mainline2/MainLine2Main+Chapter
1036			Dreams Rewound		share/fuben/mainline2/MainLine2Main+Chapter
2013			Woven Prologue		share/fuben/mainline2/MainLine2Main+Chapter
2014			Ideal Cage		share/fuben/mainline2/MainLine2Main+Chapter
1037			Where Nightmares Dwell		share/fuben/mainline2/MainLine2Main+Chapter
1038			Sightline Breach		share/fuben/mainline2/MainLine2Main+Chapter
1039			Withering Crown		share/fuben/mainline2/MainLine2Main+Chapter
1040			A Better Tomorrow		share/fuben/mainline2/MainLine2Main+Chapter
2015			The Dying Sun		share/fuben/mainline2/MainLine2Main+Chapter
1041			Homecoming Voyage		share/fuben/mainline2/MainLine2Main+Chapter
2016			Of Solitude and Stillness		share/fuben/mainline2/MainLine2Main+Chapter
1042	49401		Steering By Light		share/fuben/mainline2/MainLine2Main+Chapter
1142	49402		Steering By Light		share/fuben/mainline2/MainLine2Main+Chapter
1242	49402		Steering By Light		share/fuben/mainline2/MainLine2Main+Chapter
1	711		Transfinite		share/fuben/transfinite/TransfiniteActivity
2	42602		Transfinite		share/fuben/transfinite/TransfiniteActivity
3	712		Transfinite		share/fuben/transfinite/TransfiniteActivity
4	714		Transfinite		share/fuben/transfinite/TransfiniteActivity
5	715		Transfinite		share/fuben/transfinite/TransfiniteActivity
6	716		Transfinite		share/fuben/transfinite/TransfiniteActivity
7	717		Transfinite		share/fuben/transfinite/TransfiniteActivity
