NodeId	NodeName	NodeType	NodeGroup	NodeCost	NodeCondition	TextUnlock	TextLocked	NodeIcon	NodeStats[1]	NodeStats[2]	NodeStats[3]	NodeStats[4]	NodeStatsNum[1]	NodeStatsNum[2]	NodeStatsNum[3]	NodeStatsNum[4]	PreNode	RewardItemIds[1]	RewardItemIds[2]	RewardItemIds[3]	RewardItemIds[4]	RewardItemIds[5]	RewardItemIds[6]	ShopFreshCount
1	Fever Beat	1	1	75	865011	Unlock Fever Beat abilities	Unlock Fever Beat abilities	Assets/Product/Texture/Image/UiPBR/IconFeverComboBoostWindow.png	61				15000											
2	Extra Charge I		1	50		Max Sprint Charge <color=#67ef8a>+2</color>.	Max Sprint Charge <color=#67ef8a>+2</color>.	Assets/Product/Texture/Image/UiPBR/IconDashLimitNumUp.png	55				400000				1							
3	DMG Increase		1	50		Fever DMG <color=#67ef8a>+50%</color>	Fever DMG <color=#67ef8a>+50%</color>	Assets/Product/Texture/Image/UiPBR/IconFeverBasicAttackDmg.png	60				5000				2							
4	Acrobatics		1	50		Signal Orb DMG Bonus <color=#67ef8a>+30%</color>	Signal Orb DMG Bonus <color=#67ef8a>+30%</color>	Assets/Product/Texture/Image/UiPBR/IconSignalOrbsDmgUp.png	12				3000				1							
5	Basic Attack		1	50		Basic ATK DMG <color=#67ef8a>+45%</color>	Basic ATK DMG <color=#67ef8a>+45%</color>	Assets/Product/Texture/Image/UiPBR/IconBasicAttackDmgUp.png	11				4500				4							
6	Assault	2	4	100	865012	Unlocks Blue Orb Skill [Armored Assault]\nUnlocks Item [Anchor of Courage]	Unlock Blue Orb skill [Armored Assault]\nUnlock Item [Anchor of Courage]	Assets/Product/Texture/Image/UiPBR/IconPBRItemUp.png									1	49	50	51	52	268		
7	Summon	2	4	100	865012	Unlocks Red Orb Skill [Dual-Feed Rotor]\nUnlocks Item [Digital Storage]	Unlock Red Orb skill [Dual-Feed Rotor]\nUnlock Item [Digital Storage]	Assets/Product/Texture/Image/UiPBR/IconPBRItemUp.png									1	117	118	119	120	267		
8	Extra Charge II	1	2	75	865015	Max Sprint Charge <color=#67ef8a>+2</color>.	Max Sprint Charge <color=#67ef8a>+2</color>.	Assets/Product/Texture/Image/UiPBR/IconDashLimitNumUp.png	55				400000				5							
9	Full Health		2	50		Max HP <color=#67ef8a>+20</color>.	Max HP <color=#67ef8a>+20</color>.	Assets/Product/Texture/Image/UiPBR/IconMaxHPUp.png	1				20				8							
10	Fever Armor		2	50		Fever Armor <color=#67ef8a>+6</color>	Fever Armor <color=#67ef8a>+6</color>	Assets/Product/Texture/Image/UiPBR/IconFeverArmor.png	59				6				9							
11	Signal Orb Drop Rate		2	50		Red Orb drop rate <color=#67ef8a>+15%</color>, Yellow Orb drop rate <color=#67ef8a>+15%</color>, Blue Orb drop rate <color=#67ef8a>+15%</color>	Red Orb drop rate <color=#67ef8a>+15%</color>, Yellow Orb drop rate <color=#67ef8a>+15%</color>, Blue Orb drop rate <color=#67ef8a>+15%</color>	Assets/Product/Texture/Image/UiPBR/IconRedOrbsAttackDropRateUp.png	154	155	156		1500	1500	1500		8							
12	Window Time		2	50		Chain duration <color=#67ef8a>+2</color>s	Combo duration <color=#67ef8a>+2</color>s	Assets/Product/Texture/Image/UiPBR/IconComboBoostWindowUp.png	77				2				11							
13	Livline	2	5	100	865016	Unlocks Red Orb Skill: [Countering Swordplay]\nUnlocks Items: [Renewed Dawn], [Scale]	Unlocks Red Orb Skill: [Countering Swordplay]\nUnlocks Items: [Renewed Dawn], [Scale]	Assets/Product/Texture/Image/UiPBR/IconPBRItemUp.png									8	45	46	47	48	203	204	
14	Victory Barrage	2	5	100	865016	Unlocks Red Orb Skill [Precise Shots]	Unlocks Red Orb Skill [Precise Shots]	Assets/Product/Texture/Image/UiPBR/IconPBRItemUp.png									8	133	134	135	136			
15	Refresh	1	3	75	865019	Shop refresh attempts <color=#67ef8a>+2</color>	Shop refresh attempts <color=#67ef8a>+2</color>	Assets/Product/Texture/Image/UiPBR/IconBuyCountUp.png									12							2
16	Sound Wave		3	50		Range <color=#67ef8a>+2</color>	Range <color=#67ef8a>+2</color>	Assets/Product/Texture/Image/UiPBR/IconBasicAttackRangeUp.png	75				2				15							
17	Knockback		3	50		Knockback <color=#67ef8a>+1</color>	Knockback <color=#67ef8a>+1</color>	Assets/Product/Texture/Image/UiPBR/IconBasicAttackKnockbackUp.png	78				1				16							
18	Vital Boost		3	50		HP Growth <color=#67ef8a>+2</color>	HP Growth <color=#67ef8a>+2</color>	Assets/Product/Texture/Image/UiPBR/IconHpPerLevelUp.png	17				2				15							
19	Grand Performance		3	50		Lifesteal Efficiency (Fever) <color=#67ef8a>+1%</color>	Lifesteal Efficiency (Fever) <color=#67ef8a>+1%</color>	Assets/Product/Texture/Image/UiPBR/IconFeverLifestealRate.png	63				100				18							
20	Showtime	1	3	200	865020	Fever Duration <color=#67ef8a>+2</color>s, Fever DMG <color=#67ef8a>+50%</color>, Fever Armor <color=#67ef8a>+6</color>, Fever Lifesteal Efficiency <color=#67ef8a>+1%</color>	Fever Duration <color=#67ef8a>+2</color>s, Fever DMG <color=#67ef8a>+50%</color>, Fever Armor <color=#67ef8a>+6</color>, Fever Lifesteal Efficiency <color=#67ef8a>+1%</color>	Assets/Product/Texture/Image/UiPBR/IconFeverComboBoostWindow.png	61	60	59	63	2000	5000	6	100	19							
21	Sound Dominion	2	6	100	865021	Unlocks Red Orb Skill: [Thundering Rush]\nUnlocks Item: [Whatever You Want]	Unlocks Red Orb Skill: [Thundering Rush]\nUnlocks Item: [Whatever You Want]	Assets/Product/Texture/Image/UiPBR/IconPBRItemUp.png									15	21	22	23	24	225		
22	Miracle Moment	2	6	100	865021	Unlocks Item [Small Round Thing]	Unlock Item [Small Round Thing]	Assets/Product/Texture/Image/UiPBR/IconPBRItemUp.png									15	224						
23	Placeholder_不可见道具用节点			1000000													20	249	73	74	75	76		
