WaveId	WaveType	WaveReward	WaveFinishCondition	MaxMonsterCount	SpawnGroup[1]	SpawnGroup[2]	SpawnGroup[3]	SpawnGroup[4]	SpawnGroup[5]	SpawnGroup[6]	SpawnGroup[7]	SpawnGroup[8]	SpawnGroup[9]	SpawnGroup[10]	SpawnGroup[11]	SpawnGroup[12]	SpawnGroup[13]	SpawnGroup[14]	SpawnGroup[15]	SpawnGroup[16]	SpawnGroup[17]	SpawnGroup[18]	SpawnGroup[19]	SpawnGroup[20]	SpawnGroup[21]	SpawnGroup[22]	SpawnGroup[23]	SpawnGroup[24]	SpawnGroup[25]	SpawnGroup[26]	SpawnGroup[27]	SpawnTime[1]	SpawnTime[2]	SpawnTime[3]	SpawnTime[4]	SpawnTime[5]	SpawnTime[6]	SpawnTime[7]	SpawnTime[8]	SpawnTime[9]	SpawnTime[10]	SpawnTime[11]	SpawnTime[12]	SpawnTime[13]	SpawnTime[14]	SpawnTime[15]	SpawnTime[16]	SpawnTime[17]	SpawnTime[18]	SpawnTime[19]	SpawnTime[20]	SpawnTime[21]	SpawnTime[22]	SpawnTime[23]	SpawnTime[24]	SpawnTime[25]	SpawnTime[26]	SpawnTime[27]	IconType
101	1	10	20	60	101001	101002	101003	101004																								0	6	12	18																								
102	1	10	30	60	102001	102002	102003	102004	102005																							0	6	12	18	24																							
103	1	10	50	60	103001	103002	103003	103004	103005	103006	103007	103008	103009																			0	6	12	18	24	30	36	42	48																			
201	1	10	30	60	201001	201002	201003	201004	201005	201006																						0	6	12	18	24	28																						
202	1	10	45	60	202001	202002	202003	202004	202005	202006	202007																					0	6	12	18	24	30	36																					
203	1	10	60	60	203001	203002	203003	203004	203005	203006	203007	203008	203009	203010																		0	6	12	18	24	30	36	42	48	54																		
301	1	15	20	60	301001	301002	301003	301004																								0	6	12	18																								
302	1	15	25	60	302001	302002	302003	302004	302005																							0	6	12	18	24																							
303	2	15	40	60	303001	303002	303003	303004	303005	303006	303007																					0	6	12	18	24	30	36																					
304	1	15	45	60	304001	304002	304003	304004	304005	304006	304007	304008																				0	6	12	18	24	30	36	42																				
305	1	15	50	60	305001	305002	305003	305004	305005	305006	305007	305008	305009																			0	6	12	18	24	30	36	42	48																			
306	2	15	60	60	306001	306002	306003	306004	306005	306006	306007	306008	306009	306010																		0	6	12	18	24	30	36	42	48	54																		
307	1	15	60	60	307001	307002	307003	307004	307005	307006	307007	307008	307009	307010																		0	6	12	18	24	30	36	42	48	54																		
308	1	15	60	60	308001	308002	308003	308004	308005	308006	308007	308008	308009	308010																		0	6	12	18	24	30	36	42	48	54																		
309	1	15	90	60	309001	309002	309003	309004	309005	309006	309007	309008	309009	309010	309011	309012	309013	309014	309015													0	6	12	18	24	30	36	42	48	54	60	66	72	78	84													
401	1	20	30	60	401001	401002	401003	401004	401005																							0	6	12	18	24																							
402	1	20	45	60	402001	402002	402003	402004	402005	402006	402007	402008																				0	6	12	18	24	30	36	43																				
403	2	20	60	60	403001	403002	403003	403004	403005	403006	403007	403008	403009	403010																		0	6	12	18	24	30	36	42	48	54																		
404	1	20	60	60	404001	404002	404003	404004	404005	404006	404007	404008	404009	404010																		0	6	12	18	24	30	36	42	48	54																		
405	1	20	60	60	405001	405002	405003	405004	405005	405006	405007	405008	405009	405010																		0	6	12	18	24	30	36	42	48	54																		
406	1	20	75	60	406001	406002	406003	406004	406005	406006	406007	406008	406009	406010	406011	406012	406013															0	6	12	18	24	30	36	42	48	54	62	68	72															
407	2	20	100	60	407001	407002	407003	407004	407005	407006	407007	407008	407009	407010	407011	407012	407013	407014	407015													0	6	12	18	24	30	36	42	48	54	60	66	72	78	84													
408	1	20	90	60	408001	408002	408003	408004	408005	408006	408007	408008	408009	408010	408011	408012	408013	408014	408015													0	6	12	18	24	30	36	42	48	54	60	66	72	78	84													
409	3	20	60001|120	60	409001	409002	409003	409004	409005	409006	409007	409008	409009	409010	409011	409012	409013	409014	409015	409016	409017	409018	409019	409020								0	6	12	18	24	30	36	42	48	54	60	66	72	78	84	90	96	102	108	114								
410	1	20	120	60	410001	410002	410003	410004	410005	410006	410007	410008	410009	410010	410011	410012	410013	410014	410015	410016	410017	410018	410019	410020								0	6	12	18	24	30	36	42	48	54	60	66	72	78	84	90	96	102	108	114								
411	1	20	120	60	411001	411002	411003	411004	411005	411006	411007	411008	411009	411010	411011	411012	411013	411014	411015	411016	411017	411018	411019	411020								0	6	12	18	24	30	36	42	48	54	60	66	72	78	84	90	96	102	108	114								
412	3	20	60001|120	60	412001	412002	412003	412004	412005	412006	412007	412008	412009	412010	412011	412012	412013	412014	412015	412016	412017	412018	412019	412020								0	6	12	18	24	30	36	42	48	54	60	66	72	78	84	90	96	102	108	114								
501	1	20	30	60	501001	501002	501003	501004	501005																							0	6	12	18	24																							
502	1	20	45	60	502001	502002	502003	502004	502005	502006	502007																					0	6	12	18	24	30	36																					
503	2	20	60	60	503001	503002	503003	503004	503005	503006	503007	503008	503009	503010																		0	6	12	18	24	30	36	42	48	54																		
504	1	20	60	60	504001	504002	504003	504004	504005	504006	504007	504008	504009	504010																		0	6	12	18	24	30	36	42	48	54																		
505	1	20	60	60	505001	505002	505003	505004	505005	505006	505007	505008	505009	505010																		0	6	12	18	24	30	36	42	48	54																		
506	1	20	75	60	506001	506002	506003	506004	506005	506006	506007	506008	506009	506010	506011	506012	506013	506014	506015													0	6	12	18	24	30	36	42	48	54	60	66	72	78	84													
507	2	20	100	60	507001	507002	507003	507004	507005	507006	507007	507008	507009	507010	507011	507012	507013	507014	507015													0	6	12	18	24	30	36	42	48	54	60	66	72	78	84													
508	1	20	90	60	508001	508002	508003	508004	508005	508006	508007	508008	508009	508010	508011	508012	508013	508014	508015													0	6	12	18	24	30	36	42	48	54	60	66	72	78	84													
509	1	20	120	60	509001	509002	509003	509004	509005	509006	509007	509008	509009	509010	509011	509012	509013	509014	509015	509016	509017	509018	509019	509020								0	6	12	18	24	30	36	42	48	54	60	66	72	78	84	90	96	102	108	114								
510	1	20	120	60	510001	510002	510003	510004	510005	510006	510007	510008	510009	510010	510011	510012	510013	510014	510015	510016	510017	510018	510019	510020								0	6	12	18	24	30	36	42	48	54	60	66	72	78	84	90	96	102	108	114								
511	1	20	120	60	511001	511002	511003	511004	511005	511006	511007	511008	511009	511010	511011	511012	511013	511014	511015	511016	511017	511018	511019	511020								0	6	12	18	24	30	36	42	48	54	60	66	72	78	84	90	96	102	108	114								
512	1	20	120	60	512001	512002	512003	512004	512005	512006	512007	512008	512009	512010	512011	512012	512013	512014	512015	512016	512017	512018	512019	512020								0	6	12	18	24	30	36	42	48	54	60	66	72	78	84	90	96	102	108	114								
601	1	20	30	60	601001	601002	601003	601004	601005																							0	6	12	18	24																							
602	1	20	45	60	602001	602002	602003	602004	602005	602006	602007																					0	6	12	18	24	30	36																					
603	2	20	60	60	603001	603002	603003	603004	603005	603006	603007	603008	603009	603010																		0	6	12	18	24	30	36	42	48	54																		
604	1	20	60	60	604001	604002	604003	604004	604005	604006	604007	604008	604009	604010																		0	6	12	18	24	30	36	42	48	54																		
605	1	20	60	60	605001	605002	605003	605004	605005	605006	605007	605008	605009	605010																		0	6	12	18	24	30	36	42	48	54																		
606	1	20	75	60	606001	606002	606003	606004	606005	606006	606007	606008	606009	606010	606011	606012	606013	606014	606015													0	6	12	18	24	30	36	42	48	54	60	66	72	78	84													
607	2	20	100	60	607001	607002	607003	607004	607005	607006	607007	607008	607009	607010	607011	607012	607013	607014	607015													0	6	12	18	24	30	36	42	48	54	60	66	72	78	84													
608	1	20	90	60	608001	608002	608003	608004	608005	608006	608007	608008	608009	608010	608011	608012	608013	608014	608015													0	6	12	18	24	30	36	42	48	54	60	66	72	78	84													
609	3	20	70001|120	60	609001	609002	609003	609004	609005	609006	609007	609008	609009	609010	609011	609012	609013	609014	609015	609016	609017	609018	609019	609020								0	6	12	18	24	30	36	42	48	54	60	66	72	78	84	90	96	102	108	114								
610	1	20	120	60	610001	610002	610003	610004	610005	610006	610007	610008	610009	610010	610011	610012	610013	610014	610015	610016	610017	610018	610019	610020								0	6	12	18	24	30	36	42	48	54	60	66	72	78	84	90	96	102	108	114								
611	1	20	120	60	611001	611002	611003	611004	611005	611006	611007	611008	611009	611010	611011	611012	611013	611014	611015	611016	611017	611018	611019	611020								0	6	12	18	24	30	36	42	48	54	60	66	72	78	84	90	96	102	108	114								
612	3	20	60001|120	60	612001	612002	612003	612004	612005	612006	612007	612008	612009	612010	612011	612012	612013	612014	612015	612016	612017	612018	612019	612020								0	6	12	18	24	30	36	42	48	54	60	66	72	78	84	90	96	102	108	114								
701	1	25	30	60	701001	701002	701003	701004	701005																							0	6	12	18	24																							
702	1	25	45	60	702001	702002	702003	702004	702005	702006	702007	702008																				0	6	12	18	24	30	36	43																				
703	2	25	60	60	703001	703002	703003	703004	703005	703006	703007	703008	703009	703010																		0	6	12	18	24	30	36	42	48	54																		
704	1	25	60	60	704001	704002	704003	704004	704005	704006	704007	704008	704009	704010																		0	6	12	18	24	30	36	42	48	54																		
705	1	25	60	60	705001	705002	705003	705004	705005	705006	705007	705008	705009	705010																		0	6	12	18	24	30	36	42	48	54																		
706	1	25	75	60	706001	706002	706003	706004	706005	706006	706007	706008	706009	706010	706011	706012	706013															0	6	12	18	24	30	36	42	48	54	62	68	73															
707	2	25	120	60	707001	707002	707003	707004	707005	707006	707007	707008	707009	707010	707011	707012	707013	707014	707015													0	6	12	18	24	30	36	42	48	54	60	66	72	78	84													
708	1	25	90	60	708001	708002	708003	708004	708005	708006	708007	708008	708009	708010	708011	708012	708013	708014	708015													0	6	12	18	24	30	36	42	48	54	60	66	72	78	84													
709	1	25	120	60	709001	709002	709003	709004	709005	709006	709007	709008	709009	709010	709011	709012	709013	709014	709015	709016	709017	709018	709019	709020								0	6	12	18	24	30	36	42	48	54	60	66	72	78	84	90	96	102	108	114								
710	1	25	120	60	710001	710002	710003	710004	710005	710006	710007	710008	710009	710010	710011	710012	710013	710014	710015	710016	710017	710018	710019	710020								0	6	12	18	24	30	36	42	48	54	60	66	72	78	84	90	96	102	108	114								
711	1	25	120	60	711001	711002	711003	711004	711005	711006	711007	711008	711009	711010	711011	711012	711013	711014	711015	711016	711017	711018	711019	711020								0	6	12	18	24	30	36	42	48	54	60	66	72	78	84	90	96	102	108	114								
712	1	25	120	60	712001	712002	712003	712004	712005	712006	712007	712008	712009	712010	712011	712012	712013	712014	712015	712016	712017	712018	712019	712020								0	6	12	18	24	30	36	42	48	54	60	66	72	78	84	90	96	102	108	114								
801	1	25	30	60	801001	801002	801003	801004	801005																							0	6	12	18	24																							
802	1	25	45	60	802001	802002	802003	802004	802005	802006	802007	802008																				0	6	12	18	24	30	36	43																				
803	2	25	60	60	803001	803002	803003	803004	803005	803006	803007	803008	803009	803010																		0	6	12	18	24	30	36	42	48	54																		
804	1	25	60	60	804001	804002	804003	804004	804005	804006	804007	804008	804009	804010																		0	6	12	18	24	30	36	42	48	54																		
805	1	25	60	60	805001	805002	805003	805004	805005	805006	805007	805008	805009	805010																		0	6	12	18	24	30	36	42	48	54																		
806	1	25	75	60	806001	806002	806003	806004	806005	806006	806007	806008	806009	806010	806011	806012	806013															0	6	12	18	24	30	36	42	48	54	62	68	73															
807	2	25	120	60	807001	807002	807003	807004	807005	807006	807007	807008	807009	807010	807011	807012	807013	807014	807015													0	6	12	18	24	30	36	42	48	54	60	66	72	78	84													
808	3	25	60001|90	60	808001	808002	808003	808004	808005	808006	808007	808008	808009	808010	808011	808012	808013	808014	808015													0	6	12	18	24	30	36	42	48	54	60	66	72	78	84													
809	3	25	70001|120	60	809001	809002	809003	809004	809005	809006	809007	809008	809009	809010	809011	809012	809013	809014	809015	809016	809017	809018	809019	809020								0	6	12	18	24	30	36	42	48	54	60	66	72	78	84	90	96	102	108	114								
810	1	25	120	60	810001	810002	810003	810004	810005	810006	810007	810008	810009	810010	810011	810012	810013	810014	810015	810016	810017	810018	810019	810020								0	6	12	18	24	30	36	42	48	54	60	66	72	78	84	90	96	102	108	114								
811	3	25	60001|120	60	811001	811002	811003	811004	811005	811006	811007	811008	811009	811010	811011	811012	811013	811014	811015	811016	811017	811018	811019	811020								0	6	12	18	24	30	36	42	48	54	60	66	72	78	84	90	96	102	108	114								
812	3	25	70001|120	60	812001	812002	812003	812004	812005	812006	812007	812008	812009	812010	812011	812012	812013	812014	812015	812016	812017	812018	812019	812020								0	6	12	18	24	30	36	42	48	54	60	66	72	78	84	90	96	102	108	114								
1101	1	10	20	60	1101001	1101002	1101003	1101004																								0	6	12	18																								
1102	1	10	25	60	1102001	1102002	1102003	1102004	1102005																							0	6	12	18	24																							
1103	2	10	50	60	1103001	1103002	1103003	1103004	1103005	1103006	1103007	1103008	1103009	1103010	1103011	1103012																0	6	12	18	24	30	36	42	48	54	60	66																
1104	1	10	35	60	1104001	1104002	1104003	1104004	1104005	1104006																						0	6	12	18	24	30																						
1105	1	10	40	60	1105001	1105002	1105003	1105004	1105005	1105006	1105007																					0	6	12	18	24	30	36																					
1106	1	10	45	60	1106001	1106002	1106003	1106004	1106005	1106006	1106007	1106008																				0	6	12	18	24	30	36	42																				
1107	2	10	160	60	1107001	1107002	1107003	1107004	1107005	1107006	1107007	1107008	1107009	1107010	1107011	1107012	1107013	1107014	1107015	1107016	1107017											0	6	12	18	24	30	36	42	48	54	60	66	72	78	84	90	96											
1108	1	10	55	60	1108001	1108002	1108003	1108004	1108005	1108006	1108007	1108008	1108009	1108010																		0	6	12	18	24	30	36	42	48	54																		
1109	1	10	60	60	1109001	1109002	1109003	1109004	1109005	1109006	1109007	1109008	1109009	1109010																		0	6	12	18	24	30	36	42	48	54																		
1201	1	10	25	60	1201001	1201002	1201003	1201004	1201005																							0	6	12	18	24																							
1202	1	10	30	60	1202001	1202002	1202003	1202004	1202005																							0	6	12	18	24																							
1203	2	10	60	60	1203001	1203002	1203003	1203004	1203005	1203006	1203007	1203008	1203009	1203010	1203011	1203012	1203013	1203014														0	6	12	18	24	30	36	42	48	54	60	66	72	78														
1204	1	10	40	60	1204001	1204002	1204003	1204004	1204005	1204006	1204007																					0	6	12	18	24	30	36																					
1205	1	10	45	60	1205001	1205002	1205003	1205004	1205005	1205006	1205007	1205008																				0	6	12	18	24	30	36	42																				
1206	1	10	50	60	1206001	1206002	1206003	1206004	1206005	1206006	1206007	1206008	1206009																			0	6	12	18	24	30	36	42	48																			
1207	2	10	180	60	1207001	1207002	1207003	1207004	1207005	1207006	1207007	1207008	1207009	1207010	1207011	1207012	1207013	1207014	1207015	1207016	1207017	1207018	1207019	1207020								0	6	12	18	24	30	36	42	48	54	60	66	72	78	84	90	96	102	108	114								
1208	1	10	60	60	1208001	1208002	1208003	1208004	1208005	1208006	1208007	1208008	1208009	1208010																		0	6	12	18	24	30	36	42	48	54																		
1209	3	10	60001|65	60	1209001	1209002	1209003	1209004	1209005	1209006	1209007	1209008	1209009	1209010	1209011																	0	6	12	18	24	30	36	42	48	54	60																	2
1210	1	20	75	60	1210001	1210002	1210003	1210004	1210005	1210006	1210007	1210008	1210009	1210010	1210011	1210012	1210013															0	6	12	18	24	30	36	42	48	54	60	66	72															
1211	1	20	85	60	1211001	1211002	1211003	1211004	1211005	1211006	1211007	1211008	1211009	1211010	1211011	1211012	1211013	1211014	1211015													0	6	12	18	24	30	36	42	48	54	60	66	72	78	84													
1212	3	20	60001|95	60	1212001	1212002	1212003	1212004	1212005	1212006	1212007	1212008	1212009	1212010	1212011	1212012	1212013	1212014	1212015	1212016												0	6	12	18	24	30	36	42	48	54	60	66	72	78	84	90												2
1301	1	20	30	60	1301001	1301002	1301003	1301004	1301005																							0	6	12	18	24																							
1302	1	20	35	60	1302001	1302002	1302003	1302004	1302005	1302006																						0	6	12	18	24	30																						
1303	2	20	70	60	1303001	1303002	1303003	1303004	1303005	1303006	1303007	1303008	1303009	1303010	1303011	1303012	1303013	1303014	1303015													0	6	12	18	24	30	36	42	48	54	60	66	72	78	84													
1304	1	20	45	60	1304001	1304002	1304003	1304004	1304005	1304006	1304007	1304008																				0	6	12	18	24	30	36	42																				
1305	1	20	50	60	1305001	1305002	1305003	1305004	1305005	1305006	1305007	1305008	1305009																			0	6	12	18	24	30	36	42	48																			
1306	1	20	55	60	1306001	1306002	1306003	1306004	1306005	1306006	1306007	1306008	1306009	1306010																		0	6	12	18	24	30	36	42	48	54																		
1307	2	20	195	60	1307001	1307002	1307003	1307004	1307005	1307006	1307007	1307008	1307009	1307010	1307011	1307012	1307013	1307014	1307015	1307016	1307017	1307018	1307019	1307020	1307021	1307022						0	6	12	18	24	30	36	42	48	54	60	66	72	78	84	90	96	102	108	114	120	126						
1308	1	20	65	60	1308001	1308002	1308003	1308004	1308005	1308006	1308007	1308008	1308009	1308010	1308011																	0	6	12	18	24	30	36	42	48	54	60																	
1309	1	20	70	60	1309001	1309002	1309003	1309004	1309005	1309006	1309007	1309008	1309009	1309010	1309011	1309012																0	6	12	18	24	30	36	42	48	54	60	66																
1401	1	20	35	60	1401001	1401002	1401003	1401004	1401005	1401006																						0	6	12	18	24	30																						
1402	1	20	40	60	1402001	1402002	1402003	1402004	1402005	1402006	1402007																					0	6	12	18	24	30	36																					
1403	2	20	80	60	1403001	1403002	1403003	1403004	1403005	1403006	1403007	1403008	1403009	1403010	1403011	1403012	1403013	1403014	1403015	1403016	1403017											0	6	12	18	24	30	36	42	48	54	60	66	72	78	84	90	96											
1404	1	20	50	60	1404001	1404002	1404003	1404004	1404005	1404006	1404007	1404008	1404009																			0	6	12	18	24	30	36	42	48																			
1405	1	20	55	60	1405001	1405002	1405003	1405004	1405005	1405006	1405007	1405008	1405009	1405010																		0	6	12	18	24	30	36	42	48	54																		
1406	1	20	60	60	1406001	1406002	1406003	1406004	1406005	1406006	1406007	1406008	1406009	1406010																		0	6	12	18	24	30	36	42	48	54																		
1407	2	20	210	60	1407001	1407002	1407003	1407004	1407005	1407006	1407007	1407008	1407009	1407010	1407011	1407012	1407013	1407014	1407015	1407016	1407017	1407018	1407019	1407020	1407021	1407022						0	6	12	18	24	30	36	42	48	54	60	66	72	78	84	90	96	102	108	114	120	126						
1408	1	20	70	60	1408001	1408002	1408003	1408004	1408005	1408006	1408007	1408008	1408009	1408010	1408011	1408012																0	6	12	18	24	30	36	42	48	54	60	66																
1409	3	20	70001|75	60	1409001	1409002	1409003	1409004	1409005	1409006	1409007	1409008	1409009	1409010	1409011	1409012	1409013															0	6	12	18	24	30	36	42	48	54	60	66	72															2
1410	1	40	85	60	1410001	1410002	1410003	1410004	1410005	1410006	1410007	1410008	1410009	1410010	1410011	1410012	1410013	1410014	1410015													0	6	12	18	24	30	36	42	48	54	60	66	72	78	84													
1411	1	40	95	60	1411001	1411002	1411003	1411004	1411005	1411006	1411007	1411008	1411009	1411010	1411011	1411012	1411013	1411014	1411015	1411016												0	6	12	18	24	30	36	42	48	54	60	66	72	78	84	90												
1412	3	40	70001|105	60	1412001	1412002	1412003	1412004	1412005	1412006	1412007	1412008	1412009	1412010	1412011	1412012	1412013	1412014	1412015	1412016	1412017	1412018										0	6	12	18	24	30	36	42	48	54	60	66	72	78	84	90	96	102										2
1501	1	20	40	60	1501001	1501002	1501003	1501004	1501005	1501006	1501007																					0	6	12	18	24	30	36																					
1502	1	20	45	60	1502001	1502002	1502003	1502004	1502005	1502006	1502007	1502008																				0	6	12	18	24	30	36	42																				
1503	2	20	90	60	1503001	1503002	1503003	1503004	1503005	1503006	1503007	1503008	1503009	1503010	1503011	1503012	1503013	1503014	1503015	1503016	1503017	1503018	1503019									0	6	12	18	24	30	36	42	48	54	60	66	72	78	84	90	96	102	108									
1504	1	20	55	60	1504001	1504002	1504003	1504004	1504005	1504006	1504007	1504008	1504009	1504010																		0	6	12	18	24	30	36	42	48	54																		
1505	1	20	60	60	1505001	1505002	1505003	1505004	1505005	1505006	1505007	1505008	1505009	1505010																		0	6	12	18	24	30	36	42	48	54																		
1506	1	20	65	60	1506001	1506002	1506003	1506004	1506005	1506006	1506007	1506008	1506009	1506010	1506011																	0	6	12	18	24	30	36	42	48	54	60																	
1507	2	20	225	60	1507001	1507002	1507003	1507004	1507005	1507006	1507007	1507008	1507009	1507010	1507011	1507012	1507013	1507014	1507015	1507016	1507017	1507018	1507019	1507020	1507021	1507022	1507023	1507024	1507025			0	6	12	18	24	30	36	42	48	54	60	66	72	78	84	90	96	102	108	114	120	126	132	138	144			
1508	1	20	75	60	1508001	1508002	1508003	1508004	1508005	1508006	1508007	1508008	1508009	1508010	1508011	1508012	1508013															0	6	12	18	24	30	36	42	48	54	60	66	72															
1509	1	20	80	60	1509001	1509002	1509003	1509004	1509005	1509006	1509007	1509008	1509009	1509010	1509011	1509012	1509013	1509014														0	6	12	18	24	30	36	42	48	54	60	66	72	78														
1601	1	20	45	60	1601001	1601002	1601003	1601004	1601005	1601006	1601007	1601008																				0	6	12	18	24	30	36	42																				
1602	1	20	50	60	1602001	1602002	1602003	1602004	1602005	1602006	1602007	1602008	1602009																			0	6	12	18	24	30	36	42	48																			
1603	2	20	95	60	1603001	1603002	1603003	1603004	1603005	1603006	1603007	1603008	1603009	1603010	1603011	1603012	1603013	1603014	1603015	1603016	1603017	1603018	1603019	1603020								0	6	12	18	24	30	36	42	48	54	60	66	72	78	84	90	96	102	108	114								
1604	3	20	60001|60	60	1604001	1604002	1604003	1604004	1604005	1604006	1604007	1604008	1604009	1604010																		0	6	12	18	24	30	36	42	48	54																		2
1605	1	20	65	60	1605001	1605002	1605003	1605004	1605005	1605006	1605007	1605008	1605009	1605010	1605011																	0	6	12	18	24	30	36	42	48	54	60																	
1606	1	20	70	60	1606001	1606002	1606003	1606004	1606005	1606006	1606007	1606008	1606009	1606010	1606011	1606012																0	6	12	18	24	30	36	42	48	54	60	66																
1607	2	20	240	60	1607001	1607002	1607003	1607004	1607005	1607006	1607007	1607008	1607009	1607010	1607011	1607012	1607013	1607014	1607015	1607016	1607017	1607018	1607019	1607020	1607021	1607022	1607023	1607024	1607025	1607026	1607027	0	6	12	18	24	30	36	42	48	54	60	66	72	78	84	90	96	102	108	114	120	126	132	138	144	150	156	
1608	1	20	80	60	1608001	1608002	1608003	1608004	1608005	1608006	1608007	1608008	1608009	1608010	1608011	1608012	1608013	1608014														0	6	12	18	24	30	36	42	48	54	60	66	72	78														
1609	3	20	60001|85	60	1609001	1609002	1609003	1609004	1609005	1609006	1609007	1609008	1609009	1609010	1609011	1609012	1609013	1609014	1609015													0	6	12	18	24	30	36	42	48	54	60	66	72	78	84													2
1610	1	40	95	60	1610001	1610002	1610003	1610004	1610005	1610006	1610007	1610008	1610009	1610010	1610011	1610012	1610013	1610014	1610015	1610016												0	6	12	18	24	30	36	42	48	54	60	66	72	78	84	90												
1611	1	40	105	60	1611001	1611002	1611003	1611004	1611005	1611006	1611007	1611008	1611009	1611010	1611011	1611012	1611013	1611014	1611015	1611016	1611017	1611018										0	6	12	18	24	30	36	42	48	54	60	66	72	78	84	90	96	102										
1612	3	40	70001|115	60	1612001	1612002	1612003	1612004	1612005	1612006	1612007	1612008	1612009	1612010	1612011	1612012	1612013	1612014	1612015	1612016	1612017	1612018	1612019	1612020								0	6	12	18	24	30	36	42	48	54	60	66	72	78	84	90	96	102	108	114								2
